Frame,ID,Volume_nowarp,MeanIntensity_nowarp,GMMIntensity_nowarp,Bimodality_nowarp,Volume_rigid,MeanIntensity_rigid,GMMIntensity_rigid,Bimodality_rigid
4,1,306079,119.542807575822,0,0,306079,119.759963930881,0,0
4,2,383192,121.246145535397,0,0,383192,123.117228439007,0,0
4,3,378977,120.898925264594,0,0,378977,122.094327624104,0,0
4,4,460386,120.420566654937,0,0,460386,121.483251011108,0,0
4,5,397681,119.996238190912,0,0,397681,119.989378421398,0,0
4,6,379476,120.111754103026,0,0,379476,121.290779917571,0,0
4,7,369119,121.219685250556,0,0,369119,122.064870678562,0,0
4,8,353316,120.247891405993,0,0,353316,120.76719140939,0,0
4,9,316965,120.222374710141,0,0,316965,120.542290158219,0,0
8,1,280369,119.422807086375,0,0,280369,119.667017394933,0,0
8,2,379330,121.399686288983,0,0,379330,123.909901668732,0,0
8,3,430866,120.934028212948,0,0,430866,123.349716617231,0,0
8,4,388051,120.019961293747,0,0,388051,120.162388448941,0,0
8,5,371863,120.854572786214,0,0,371863,121.89665011039,0,0
8,6,422088,120.845314247266,0,0,422088,121.92393292394,0,0
8,7,365136,119.940244182989,0,0,365136,120.038626703475,0,0
8,8,382689,121.129115286826,0,0,382689,122.268267444322,0,0
8,9,403330,119.734817643121,0,0,403330,121.595775171696,0,0
12,1,721448,119.188450172431,0,0,721448,119.442767877934,0,0
12,2,482526,120.166187935987,0,0,482526,121.815135350219,0,0
12,3,377099,121.886539078597,0,0,377099,123.695082723635,0,0
12,4,380183,121.582393215899,0,0,380183,124.593832443849,0,0
12,5,406708,119.463452894952,0,0,406708,121.895158197036,0,0
12,6,475482,119.611400641875,0,0,475482,121.31825389815,0,0
12,7,268630,119.75822879053,0,0,268630,119.734709451662,0,0
12,8,330179,120.853270498729,0,0,330179,123.968426217294,0,0
12,9,410259,120.127056322957,0,0,410259,120.290562790822,0,0
16,1,242526,119.519556666089,0,0,242526,119.438608644022,0,0
16,2,452419,120.898746515951,0,0,452419,122.126818281284,0,0
16,3,139705,119.524032783365,0,0,139705,120.160209011846,0,0
16,4,97152,120.364861248353,0,0,97152,119.786427453887,0,0
16,5,109894,119.234180210021,0,0,109894,119.485367717983,0,0
16,6,92821,119.900722896758,0,0,92821,119.762639919846,0,0
16,7,285367,123.196834252033,0,0,285367,124.412083387357,0,0
16,8,141498,119.788074743106,0,0,141498,120.357856648151,0,0
16,9,100527,119.878758940384,0,0,100527,119.541774846559,0,0
16,10,389466,121.598994520703,0,0,389466,124.2251775508,0,0
16,11,197637,120.768272135278,0,0,197637,120.388075107394,0,0
16,12,71999,119.914804372283,0,0,71999,119.674898262476,0,0
16,13,92464,119.671904741305,0,0,92464,119.676793130299,0,0
20,1,264019,119.400478753423,0,0,264019,119.283911385165,0,0
20,2,191102,120.542987514521,0,0,191102,120.278610375611,0,0
20,3,329540,120.660053407781,0,0,329540,121.190884262912,0,0
20,4,412762,122.082929145609,0,0,412762,123.9934780818,0,0
20,5,128641,120.390062266307,0,0,128641,121.309784594336,0,0
20,6,202463,121.452685181984,0,0,202463,124.993727248929,0,0
20,7,166466,119.193823363329,0,0,166466,121.412192279505,0,0
20,8,178262,119.437154300973,0,0,178262,120.335730553904,0,0
20,9,165647,120.148599129474,0,0,165647,122.13306609839,0,0
20,10,172939,120.515991187644,0,0,172939,125.122540317684,0,0
20,11,163187,118.785074791497,0,0,163187,120.949254536207,0,0
20,12,152979,119.930500264742,0,0,152979,120.748083070225,0,0
20,13,141855,121.601508582708,0,0,141855,122.807937682845,0,0
20,14,188014,120.076377291053,0,0,188014,120.693889816716,0,0
24,1,165563,119.418251662509,0,0,165563,120.27030797944,0,0
24,2,474975,121.357444076004,0,0,474975,121.350401600084,0,0
24,3,201104,119.58235042565,0,0,201104,120.392219945899,0,0
24,4,159982,123.13335875286,0,0,159982,130.905064319736,0,0
24,5,199240,121.573434049388,0,0,199240,123.9280817105,0,0
24,6,128722,123.126916921738,0,0,128722,124.471923991237,0,0
24,7,191180,119.441819227953,0,0,191180,121.474123862329,0,0
24,8,172693,119.496522731089,0,0,172693,121.935967294563,0,0
24,9,190879,119.904850716946,0,0,190879,121.268154170967,0,0
24,10,149062,121.475909353155,0,0,149062,123.314198118904,0,0
24,12,199816,120.979961564639,0,0,199816,127.600267245866,0,0
24,13,150569,123.23700761777,0,0,150569,132.433993717166,0,0
24,14,157671,120.007249272219,0,0,157671,120.477938238484,0,0
24,15,167645,118.727286826329,0,0,167645,120.10939783471,0,0
24,16,141391,120.38867396086,0,0,141391,121.520938390704,0,0
24,17,166880,121.635947986577,0,0,166880,125.246362655801,0,0
28,1,173340,120.048476981655,0,0,173340,120.221091496481,0,0
28,2,205305,119.613750273983,0,0,205305,120.463486032975,0,0
28,3,168304,120.6924256108,0,0,168304,121.4950743892,0,0
28,4,211436,121.52323634575,0,0,211436,125.238682154411,0,0
28,5,165086,118.806379705123,0,0,165086,120.052584713422,0,0
28,6,222964,122.718838018694,0,0,222964,133.223305107551,0,0
28,7,179908,120.129821908976,0,0,179908,120.96717211019,0,0
28,8,202604,119.652459971175,0,0,202604,121.630130698308,0,0
28,9,165776,119.595291236367,0,0,165776,121.494818309044,0,0
28,10,167460,118.984856085035,0,0,167460,122.295676579482,0,0
28,11,196116,119.777993636419,0,0,196116,124.190275143283,0,0
28,12,150104,121.859903800032,0,0,150104,123.86749853435,0,0
28,13,140268,122.629737359911,0,0,140268,131.621602931531,0,0
28,14,194941,120.015040448136,0,0,194941,126.785278622763,0,0
28,15,122121,122.736736515423,0,0,122121,123.652254730964,0,0
28,16,162791,122.932047840483,0,0,162791,126.04330706243,0,0
28,17,161427,124.647469134655,0,0,161427,135.666449850397,0,0
32,1,214109,119.911241470466,0,0,214109,120.230480736447,0,0
32,2,210493,121.556018489926,0,0,210493,125.238074425278,0,0
32,3,181908,120.512841656222,0,0,181908,121.06311981881,0,0
32,5,184029,120.0681142646,0,0,184029,121.3374576833,0,0
32,6,183875,124.484579197825,0,0,183875,134.535108089735,0,0
32,7,170898,119.462029982797,0,0,170898,122.16667251811,0,0
32,8,212069,120.9699107366,0,0,212069,124.878596117301,0,0
32,9,184142,119.907842860401,0,0,184142,120.324635335773,0,0
32,10,150906,123.972486183452,0,0,150906,136.403396816561,0,0
32,11,159972,118.923805415948,0,0,159972,119.63534868602,0,0
32,12,162959,122.230327873882,0,0,162959,124.797175976779,0,0
32,13,193068,120.265823440446,0,0,193068,124.838046698573,0,0
32,14,201305,120.165053028986,0,0,201305,120.275914656864,0,0
32,15,151297,122.404641202403,0,0,151297,124.490525258267,0,0
32,16,202020,122.830422730423,0,0,202020,134.894228294228,0,0
32,18,203792,121.003366177279,0,0,203792,127.965243974248,0,0
32,107,147273,123.870037277709,0,0,147273,129.040516591636,0,0
36,1,244821,119.135049689365,0,0,244821,119.945601071803,0,0
36,2,286069,119.802732907096,0,0,286069,120.2564521147,0,0
36,3,217342,123.768273044326,0,0,217342,133.322556155736,0,0
36,4,197695,122.229970408963,0,0,197695,125.741642428994,0,0
36,5,198566,120.693985878751,0,0,198566,122.115901010243,0,0
36,6,180357,119.978049091524,0,0,180357,120.83080224222,0,0
36,7,217868,122.034231736648,0,0,217868,125.217604237428,0,0
36,8,172616,123.233518329703,0,0,172616,134.248302590722,0,0
36,9,194449,122.701762415852,0,0,194449,125.887127215877,0,0
36,10,226592,120.83187844231,0,0,226592,120.780393835616,0,0
36,11,202093,125.068953402641,0,0,202093,133.176908650968,0,0
36,12,178500,119.842985994398,0,0,178500,122.188599439776,0,0
36,13,193102,119.760385702893,0,0,193102,120.115203364025,0,0
36,14,191354,126.076909811135,0,0,191354,134.566358685996,0,0
36,15,182556,120.649751309187,0,0,182556,125.039631674664,0,0
36,16,154997,121.307302721988,0,0,154997,124.514764801899,0,0
36,17,192403,121.878951991393,0,0,192403,129.021953919637,0,0
40,1,253385,119.384892554808,0,0,253385,119.879369339148,0,0
40,2,233387,120.131943938608,0,0,233387,120.716072446195,0,0
40,3,226428,122.275217729256,0,0,226428,125.251541328811,0,0
40,4,161691,119.849200017317,0,0,161691,123.301766950541,0,0
40,5,227431,126.663818916507,0,0,227431,142.344812272733,0,0
40,6,215928,119.893265347708,0,0,215928,120.967063095106,0,0
40,7,213697,124.633476370749,0,0,213697,130.900227892764,0,0
40,8,208393,124.192319319747,0,0,208393,132.683319497296,0,0
40,9,189852,121.024951014474,0,0,189852,123.502728441101,0,0
40,10,191244,120.269028047939,0,0,191244,121.638613498986,0,0
40,11,237706,121.229687092459,0,0,237706,121.469714689575,0,0
40,12,183499,123.334732069385,0,0,183499,127.200851230797,0,0
40,13,206712,123.48966678277,0,0,206712,131.055405588452,0,0
40,14,223264,121.914563028522,0,0,223264,125.135077755482,0,0
40,15,176255,120.68997191569,0,0,176255,128.807188448555,0,0
40,16,181965,121.185942351551,0,0,181965,128.804627263485,0,0
40,17,168270,121.429452665359,0,0,168270,123.823064123135,0,0
44,1,230940,119.069117519702,0,0,230940,119.95949597298,0,0
44,2,212044,123.114938409009,0,0,212044,127.090754749014,0,0
44,3,285435,120.623816280414,0,0,285435,123.650582444339,0,0
44,4,245502,122.070044235892,0,0,245502,127.387658756344,0,0
44,5,213579,121.709653102599,0,0,213579,122.742638555289,0,0
44,6,244184,123.040551387478,0,0,244184,126.560614127052,0,0
44,7,187435,121.803585242884,0,0,187435,125.983999786593,0,0
44,8,219642,124.296232050336,0,0,219642,129.633658407773,0,0
44,9,201048,120.992275476503,0,0,201048,124.33193068322,0,0
44,10,197664,124.775649587178,0,0,197664,132.638113161729,0,0
44,11,218536,124.349699820625,0,0,218536,130.65952977999,0,0
44,12,188363,121.381348778688,0,0,188363,123.472879493319,0,0
44,13,212945,122.027777125549,0,0,212945,125.751626006715,0,0
44,14,259607,121.456547781839,0,0,259607,122.421479390001,0,0
44,15,201388,128.496380121954,0,0,201388,153.243385901841,0,0
44,16,215826,121.758699137268,0,0,215826,128.526502830984,0,0
44,17,199036,122.496608653711,0,0,199036,133.664296911112,0,0
48,1,255343,118.868901830087,0,0,255343,119.610046094861,0,0
48,2,268305,120.871895790239,0,0,268305,123.819712640465,0,0
48,3,239155,125.423210888336,0,0,239155,134.233814889925,0,0
48,4,253677,122.994051490675,0,0,253677,128.672425958995,0,0
48,5,263072,125.920124528646,0,0,263072,132.461888760491,0,0
48,6,243787,123.251535151587,0,0,243787,127.949677382305,0,0
48,7,261107,124.247591983363,0,0,261107,134.279387377589,0,0
48,8,160925,131.706621096784,0,0,160925,152.013329190617,0,0
48,9,195741,124.992301050878,0,0,195741,130.861715225732,0,0
48,10,233690,127.46617313535,0,0,233690,139.014900081304,0,0
48,11,223160,120.77500448109,0,0,223160,126.621979745474,0,0
48,12,252380,131.567025913305,0,0,252380,150.745558285126,0,0
48,13,238335,127.606247508759,0,0,238335,136.941536073174,0,0
48,14,206807,120.567040767479,0,0,206807,124.372545416741,0,0
48,15,246013,123.080975395609,0,0,246013,134.754004869661,0,0
48,16,204093,120.302092673438,0,0,204093,124.435816025047,0,0
48,17,183143,126.498517551858,0,0,183143,140.318035633358,0,0
52,1,171460,119.360970488744,0,0,171460,120.07265834597,0,0
52,2,242544,133.565233524639,0,0,242544,158.015918761132,0,0
52,3,212652,128.264248631567,0,0,212652,141.909133231759,0,0
52,4,289263,121.859850724082,0,0,289263,127.575486667842,0,0
52,5,222730,127.656615633278,0,0,222730,143.679401068558,0,0
52,6,248869,132.300644113972,0,0,248869,147.210640939611,0,0
52,7,245588,126.162218838054,0,0,245588,137.364268612473,0,0
52,8,245698,131.635340947016,0,0,245698,152.714120587062,0,0
52,9,260776,126.098705402338,0,0,260776,136.446045648373,0,0
52,10,234889,122.376288374509,0,0,234889,128.935697286804,0,0
52,11,254504,131.540910948354,0,0,254504,143.766683431302,0,0
52,12,251061,132.962726190049,0,0,251061,138.59692266023,0,0
52,13,220008,137.287534998727,0,0,220008,158.285689611287,0,0
52,14,208863,121.872509731259,0,0,208863,127.824923514457,0,0
52,15,219609,121.382752983712,0,0,219609,124.772878160731,0,0
52,16,196945,136.184660692071,0,0,196945,162.618167508695,0,0
52,17,160877,136.382490971363,0,0,160877,164.908053979127,0,0
56,1,214815,119.230654283919,0,0,214815,119.50292577334,0,0
56,2,235037,125.759067721252,0,0,235037,141.818037160107,0,0
56,3,214753,138.58418741531,0,0,214753,164.055524253445,0,0
56,4,281600,131.543210227273,0,0,281600,138.558419744318,0,0
56,5,269572,126.34137076551,0,0,269572,133.794303562685,0,0
56,6,271674,131.515132106863,0,0,271674,152.350592990128,0,0
56,7,246979,144.292296106147,0,0,246979,174.571170018504,0,0
56,8,250177,129.615999872091,0,0,250177,144.356907309625,0,0
56,9,187359,129.485389012537,0,0,187359,146.103325700927,0,0
56,10,275585,135.045887838598,0,0,275585,166.184498430611,0,0
56,11,274741,129.370989404566,0,0,274741,145.264154239811,0,0
56,12,228996,123.253921465877,0,0,228996,137.106656884836,0,0
56,13,247566,130.908957611304,0,0,247566,148.705573463238,0,0
56,14,240592,132.427221187737,0,0,240592,160.924922690696,0,0
56,15,202035,139.224421511124,0,0,202035,166.207068082263,0,0
56,16,231014,130.29116850061,0,0,231014,156.150081813223,0,0
56,18,209576,120.511003168302,0,0,209576,125.764438676184,0,0
60,1,179519,118.994268016199,0,0,179519,119.356513795197,0,0
60,2,218852,145.300097782977,0,0,218852,180.886580885713,0,0
60,3,244459,133.129040043525,0,0,244459,194.424754253269,0,0
60,4,231762,135.289849069304,0,0,231762,164.430678886099,0,0
60,5,207538,145.301766423498,0,0,207538,156.963635575172,0,0
60,6,284501,143.84009898032,0,0,284501,159.157131257887,0,0
60,7,281238,141.819245621147,0,0,281238,175.154499036403,0,0
60,8,289287,127.157888187164,0,0,289287,143.156325724972,0,0
60,9,255848,135.910739970608,0,0,255848,150.204023482693,0,0
60,10,292297,131.883211254306,0,0,292297,136.479296742697,0,0
60,11,205809,123.688910591859,0,0,205809,125.924478521347,0,0
60,12,230747,138.937658994483,0,0,230747,168.712967015823,0,0
60,13,251779,144.939808323967,0,0,251779,186.800162046874,0,0
60,14,269299,138.146023564885,0,0,269299,144.068459221906,0,0
60,15,237780,134.589561779796,0,0,237780,150.179434771638,0,0
60,17,201975,131.805208565417,0,0,201975,166.181086768164,0,0
60,18,162471,129.893476374245,0,0,162471,128.211200768137,0,0
64,1,565566,119.190412790019,0,0,565566,120.114432267852,0,0
64,2,267080,140.55838700015,0,0,267080,164.707402276471,0,0
64,3,313105,128.474438287475,0,0,313105,143.736621900002,0,0
64,4,273047,141.706427831106,0,0,273047,174.918230194802,0,0
64,5,238558,143.262011753955,0,0,238558,197.41965475901,0,0
64,6,327841,134.276585295921,0,0,327841,136.653792539676,0,0
64,7,289589,130.548788110046,0,0,289589,133.317225447099,0,0
64,8,216803,126.366826104805,0,0,216803,126.66443268774,0,0
64,9,251260,133.549884581708,0,0,251260,149.311418451007,0,0
64,10,275990,151.37545925577,0,0,275990,185.525743686365,0,0
64,11,219219,145.483698949452,0,0,219219,181.952061636993,0,0
64,12,234954,138.925900389012,0,0,234954,169.010887237502,0,0
64,13,262068,138.714967107774,0,0,262068,152.837160584276,0,0
64,14,147185,132.274688317424,0,0,147185,164.181288854163,0,0
64,15,114036,127.930197481497,0,0,114036,147.88610614192,0,0
64,16,246836,134.177960265115,0,0,246836,167.471406115802,0,0
64,17,241192,146.272650004975,0,0,241192,184.822091943348,0,0
64,18,90479,128.10897556339,0,0,90479,143.220095270726,0,0
64,20,105540,129.038231949972,0,0,105540,153.003790032215,0,0
68,1,156040,119.991527813381,0,0,156040,120.169764163035,0,0
68,2,230339,126.879629589431,0,0,230339,127.464359053395,0,0
68,3,361784,136.993487826991,0,0,361784,161.905211396856,0,0
68,4,375153,134.332970814574,0,0,375153,136.012243004854,0,0
68,5,174794,143.767532066318,0,0,174794,171.917136743824,0,0
68,6,261426,139.226136650524,0,0,261426,154.492227245951,0,0
68,7,259649,133.245535318834,0,0,259649,184.472214412534,0,0
68,8,218951,156.489223616243,0,0,218951,183.167032806427,0,0
68,9,258427,160.778641550612,0,0,258427,169.370712038603,0,0
68,10,297659,134.84713044121,0,0,297659,145.479172475887,0,0
68,11,204537,146.095087930301,0,0,204537,190.080929122848,0,0
68,12,143577,141.450852155986,0,0,143577,153.692471635429,0,0
68,13,130848,145.402581621423,0,0,130848,149.695165382734,0,0
68,14,232556,144.539147560158,0,0,232556,173.622215724385,0,0
68,15,83450,137.040982624326,0,0,83450,149.507837028161,0,0
68,16,156451,135.850847869301,0,0,156451,134.704661523416,0,0
68,17,69534,121.661331147352,0,0,69534,125.641743607444,0,0
68,18,244805,131.754351422561,0,0,244805,164.319156062989,0,0
68,19,115081,140.73483893953,0,0,115081,151.261885107012,0,0
68,20,104138,143.577541339377,0,0,104138,164.071453263938,0,0
68,21,54724,130.489273444924,0,0,54724,126.986020758716,0,0
68,24,18549,118.608226858591,0,0,18549,119.376192786673,0,0
72,1,518341,118.645841251223,0,0,518341,119.760954661121,0,0
72,2,227187,149.738457746262,0,0,227187,168.530268017096,0,0
72,3,288708,140.943794422046,0,0,288708,151.87833728196,0,0
72,4,263627,141.222492385074,0,0,263627,175.582133089555,0,0
72,5,204633,132.365253893556,0,0,204633,171.106800955858,0,0
72,6,288536,151.967778717387,0,0,288536,181.077463470763,0,0
72,7,192830,121.720282113779,0,0,192830,152.414282010061,0,0
72,8,104377,135.976402847371,0,0,104377,173.227665098633,0,0
72,9,264328,125.418979449775,0,0,264328,168.184293756242,0,0
72,10,140941,137.370310981191,0,0,140941,150.336523793644,0,0
72,11,118119,134.808616733972,0,0,118119,147.169075254616,0,0
72,12,153417,125.741456292327,0,0,153417,127.572087839027,0,0
72,13,146798,122.070947833077,0,0,146798,172.545858935408,0,0
72,14,157968,135.275340575306,0,0,157968,149.993353084169,0,0
72,15,83073,121.868814175484,0,0,83073,133.336318659492,0,0
72,16,96604,157.906173657406,0,0,96604,174.585948821995,0,0
72,17,51363,125.220839904211,0,0,51363,126.192025387925,0,0
72,18,103971,134.333150590068,0,0,103971,174.0425599446,0,0
72,19,117020,135.531319432576,0,0,117020,172.508289181337,0,0
72,20,86105,132.449927414204,0,0,86105,161.047000754892,0,0
72,21,77624,158.123157786252,0,0,77624,137.069578996187,0,0
72,22,111890,135.708329609438,0,0,111890,182.121172580213,0,0
72,24,60988,120.245556502919,0,0,60988,120.812979602545,0,0
72,25,188976,125.758614850563,0,0,188976,124.188341376683,0,0
72,27,145446,137.634950428338,0,0,145446,135.342113224152,0,0
76,1,223863,119.012239628701,0,0,223863,119.326552400352,0,0
76,2,267049,150.97070575063,0,0,267049,171.665181296316,0,0
76,3,82208,133.752834274037,0,0,82208,130.683485792137,0,0
76,4,243269,132.90443500816,0,0,243269,183.242772404211,0,0
76,5,177070,128.6704071836,0,0,177070,146.794629242672,0,0
76,6,102991,133.786864871688,0,0,102991,135.187560078065,0,0
76,7,148297,138.293640464743,0,0,148297,194.536531420056,0,0
76,8,203222,134.115376288,0,0,203222,178.359788802393,0,0
76,9,85337,126.37738612794,0,0,85337,130.57725253993,0,0
76,10,134726,143.370893517213,0,0,134726,175.144433888039,0,0
76,11,136808,140.938826676803,0,0,136808,185.915450850827,0,0
76,12,133078,139.782736440283,0,0,133078,158.706239949503,0,0
76,13,118062,131.827632938625,0,0,118062,145.6850807203,0,0
76,14,111755,145.838145944253,0,0,111755,173.998210370901,0,0
76,15,157852,124.061671692471,0,0,157852,130.036844639282,0,0
76,16,161097,132.950526701304,0,0,161097,194.958608788494,0,0
76,17,103880,139.622275702734,0,0,103880,159.322208317289,0,0
76,18,134338,134.652957465497,0,0,134338,152.206516398934,0,0
76,19,167458,133.530771895042,0,0,167458,148.31265750218,0,0
76,20,188485,132.85170703239,0,0,188485,161.680096559408,0,0
76,21,120280,132.208330562022,0,0,120280,173.159353175923,0,0
76,22,157242,132.272859668536,0,0,157242,143.181363757775,0,0
76,23,158198,127.735344315352,0,0,158198,139.799068256236,0,0
76,24,134018,164.756070080138,0,0,134018,167.288431404737,0,0
76,25,59190,140.212164216929,0,0,59190,136.263152559554,0,0
76,26,138814,127.502838330428,0,0,138814,149.547387151152,0,0
76,27,104374,131.747408358403,0,0,104374,146.896296012417,0,0
76,28,71469,130.313604499853,0,0,71469,134.610978186347,0,0
76,29,84510,139.365566205183,0,0,84510,170.298426221749,0,0
80,1,137000,119.84603649635,0,0,137000,119.778562043796,0,0
80,2,258634,142.324787150955,0,0,258634,176.602005150135,0,0
80,3,174761,161.801626220953,0,0,174761,207.567111655346,0,0
80,4,340295,134.484362097592,0,0,340295,156.011290204088,0,0
80,5,98293,148.380830781439,0,0,98293,167.176991240475,0,0
80,6,173185,142.315864537922,0,0,173185,173.556347258712,0,0
80,7,165792,138.963092308435,0,0,165792,173.9829485138,0,0
80,8,192286,132.761298274445,0,0,192286,157.071669284295,0,0
80,9,199989,144.329113101221,0,0,199989,181.669201806099,0,0
80,10,169771,126.183871214754,0,0,169771,132.667958603059,0,0
80,11,205133,140.147904042743,0,0,205133,168.153232293195,0,0
80,12,182771,133.640003063943,0,0,182771,150.409917328241,0,0
80,13,144405,140.665697171151,0,0,144405,160.933831931027,0,0
80,14,106904,133.072588490608,0,0,106904,155.966923595001,0,0
80,15,132941,140.580302540225,0,0,132941,175.702529693623,0,0
80,16,87797,135.150494891625,0,0,87797,158.653074706425,0,0
80,17,156423,130.220191404077,0,0,156423,158.96827192932,0,0
80,18,104806,126.794925863023,0,0,104806,130.694664427609,0,0
80,19,160653,132.868723273141,0,0,160653,153.677329399389,0,0
80,20,120932,137.380668474845,0,0,120932,188.568120927463,0,0
80,21,174995,128.94250121432,0,0,174995,147.088728249379,0,0
80,22,129473,145.02061433658,0,0,129473,167.013972025055,0,0
80,23,109684,138.3054502024,0,0,109684,171.388114948397,0,0
80,24,117975,136.206815003179,0,0,117975,146.128069506251,0,0
80,25,135094,140.306534709165,0,0,135094,173.043850948229,0,0
80,26,178125,129.683952280702,0,0,178125,147.668030877193,0,0
80,27,80169,137.343611620452,0,0,80169,155.11589267672,0,0
80,28,107244,138.379657603223,0,0,107244,171.438560665399,0,0
80,29,101642,138.550264654375,0,0,101642,151.351154050491,0,0
80,30,113908,133.226331776521,0,0,113908,172.858657864241,0,0
80,31,172269,145.460773557634,0,0,172269,187.787193284921,0,0
80,33,50564,119.413673759987,0,0,50564,119.509117158453,0,0
84,1,355979,118.662165464817,0,0,355979,119.710890249144,0,0
84,2,167475,127.022612330199,0,0,167475,148.563911031497,0,0
84,3,212809,144.644455826586,0,0,212809,177.8984394457,0,0
84,4,165881,129.823578348334,0,0,165881,149.924982366877,0,0
84,5,183256,138.463346357009,0,0,183256,182.57523900991,0,0
84,6,154728,153.076741119901,0,0,154728,193.676697171811,0,0
84,7,176728,133.472222850935,0,0,176728,147.239633787515,0,0
84,8,233071,141.858416534018,0,0,233071,178.34997919089,0,0
84,9,162688,133.701434647915,0,0,162688,143.349140686467,0,0
84,10,164119,150.189776930154,0,0,164119,173.633570762678,0,0
84,11,158453,142.707616769641,0,0,158453,175.8593841707,0,0
84,12,153870,134.307155390914,0,0,153870,152.148534477156,0,0
84,13,150729,128.061700137333,0,0,150729,140.986684712298,0,0
84,14,196890,140.63828533699,0,0,196890,163.64097211641,0,0
84,15,147390,149.732417396024,0,0,147390,175.891424112898,0,0
84,16,122831,142.461805244604,0,0,122831,176.006732828032,0,0
84,17,175365,143.306589114133,0,0,175365,191.59139509024,0,0
84,18,146936,131.382765285567,0,0,146936,165.563258833778,0,0
84,19,160823,135.707597793848,0,0,160823,156.266889686177,0,0
84,20,181770,147.2720966056,0,0,181770,189.758238433185,0,0
84,21,161002,134.259388082136,0,0,161002,163.311331536254,0,0
84,22,130793,139.635806197579,0,0,130793,170.813376862676,0,0
84,23,135182,137.098008610614,0,0,135182,158.621377106419,0,0
84,24,73437,140.168511785612,0,0,73437,148.334477170908,0,0
84,25,85548,146.64885210642,0,0,85548,163.53810726142,0,0
84,26,179699,126.61379306507,0,0,179699,138.608584354949,0,0
84,27,100733,126.34819771078,0,0,100733,134.821796233608,0,0
84,28,122037,137.909043978466,0,0,122037,147.682112801855,0,0
84,29,68650,137.055280407866,0,0,68650,149.098150036417,0,0
84,30,117013,136.502995393674,0,0,117013,165.63049404767,0,0
84,31,130780,133.016279247591,0,0,130780,168.428819391344,0,0
84,32,45279,131.830119923143,0,0,45279,134.745511164116,0,0
84,33,55528,130.742364212649,0,0,55528,135.040303990779,0,0
88,1,332283,119.281281317431,0,0,332283,119.98653256411,0,0
88,2,205251,132.369518297109,0,0,205251,158.253129095595,0,0
88,3,211595,145.910933623195,0,0,211595,178.648673172807,0,0
88,4,189436,142.651074769315,0,0,189436,175.98331362571,0,0
88,5,176346,134.50567634083,0,0,176346,149.827866807299,0,0
88,6,176653,132.801933734496,0,0,176653,155.913242345163,0,0
88,7,161276,138.913923956447,0,0,161276,176.459336789107,0,0
88,8,178419,139.733329970463,0,0,178419,170.572147585179,0,0
88,9,143148,137.534558638612,0,0,143148,171.199478861039,0,0
88,10,195455,136.001923716456,0,0,195455,153.992473970991,0,0
88,11,141094,136.324124342637,0,0,141094,164.129473967709,0,0
88,12,120589,128.499274394845,0,0,120589,132.119189975868,0,0
88,13,198412,125.337172146846,0,0,198412,132.732944579965,0,0
88,14,176684,149.146255461728,0,0,176684,150.518717031537,0,0
88,15,150399,130.276544391917,0,0,150399,140.240879261165,0,0
88,16,149302,137.318803498948,0,0,149302,162.985083923859,0,0
88,17,110554,152.773043037791,0,0,110554,183.683593538,0,0
88,18,179536,131.608050753052,0,0,179536,160.079471526602,0,0
88,19,116534,141.982133969485,0,0,116534,178.582731220073,0,0
88,20,145843,132.504981384091,0,0,145843,143.35673978182,0,0
88,21,219453,143.966375488146,0,0,219453,178.467485065139,0,0
88,22,169739,146.210411278492,0,0,169739,178.335632942341,0,0
88,23,101294,138.806957963947,0,0,101294,159.186052480897,0,0
88,24,169384,139.761394228499,0,0,169384,150.889422849856,0,0
88,25,191957,134.240538245545,0,0,191957,186.056793969483,0,0
88,26,113449,130.737908663805,0,0,113449,148.121305608688,0,0
88,27,159736,129.334464366204,0,0,159736,157.229021635699,0,0
88,28,131447,141.10134122498,0,0,131447,198.594726391626,0,0
88,29,159120,145.307610608346,0,0,159120,187.638631221719,0,0
88,30,129885,138.482203487701,0,0,129885,177.166770604766,0,0
88,31,189463,141.533829824293,0,0,189463,182.984461346015,0,0
88,32,124626,154.009676953445,0,0,124626,168.831423619469,0,0
88,33,131286,142.626510062002,0,0,131286,169.682113858294,0,0
92,1,218092,119.053537039415,0,0,218092,120.05726940924,0,0
92,2,197506,140.950295180906,0,0,197506,167.010602209553,0,0
92,3,184601,136.659628062687,0,0,184601,156.885087296385,0,0
92,4,214498,144.89157008457,0,0,214498,176.539021342856,0,0
92,5,212022,131.464286724963,0,0,212022,166.940543905821,0,0
92,6,177035,141.673861100912,0,0,177035,180.861575394696,0,0
92,7,212437,129.753842315604,0,0,212437,175.34892226872,0,0
92,8,193295,143.267063297033,0,0,193295,150.17582969037,0,0
92,9,157019,137.296225297575,0,0,157019,174.010960457015,0,0
92,10,118238,133.119335577395,0,0,118238,150.018369728852,0,0
92,11,204429,132.962647178238,0,0,204429,146.372060715456,0,0
92,12,171448,131.650232140357,0,0,171448,161.654769959405,0,0
92,13,137206,137.377031616693,0,0,137206,177.783996326691,0,0
92,14,191307,135.787258176648,0,0,191307,167.271521690267,0,0
92,15,235042,149.293781536917,0,0,235042,182.393048901898,0,0
92,16,157940,143.241148537419,0,0,157940,206.639046473344,0,0
92,17,200755,124.044357550248,0,0,200755,130.360269980822,0,0
92,18,164865,130.707227125224,0,0,164865,151.04761471507,0,0
92,19,156825,133.642078750199,0,0,156825,138.406204367926,0,0
92,20,204611,145.928478918533,0,0,204611,143.436706726422,0,0
92,21,139598,157.485823579134,0,0,139598,191.890399575925,0,0
92,22,199502,126.573538109894,0,0,199502,152.251591462742,0,0
92,23,110648,140.04448340684,0,0,110648,157.758332730822,0,0
92,24,195763,141.787074166211,0,0,195763,188.836950802756,0,0
92,25,134673,126.855902816452,0,0,134673,130.488494352988,0,0
92,26,194895,136.135775674081,0,0,194895,167.991533902871,0,0
92,27,156104,142.698822579819,0,0,156104,199.244324296623,0,0
92,28,144148,136.85076449205,0,0,144148,165.649207758692,0,0
92,29,146721,144.672344108887,0,0,146721,164.270179456247,0,0
92,30,150114,138.131380151085,0,0,150114,144.101849261228,0,0
92,31,122633,150.056387758597,0,0,122633,182.669061345641,0,0
92,32,144117,147.481407467544,0,0,144117,169.011143723502,0,0
92,34,163189,124.347897223465,0,0,163189,155.397698374278,0,0
96,1,276750,119.350706413731,0,0,276750,119.80575971093,0,0
96,2,181939,136.288168012356,0,0,181939,157.338349666647,0,0
96,3,154984,131.244031641976,0,0,154984,170.002090538378,0,0
96,4,106252,130.441186989421,0,0,106252,130.282931144826,0,0
96,5,248123,155.015065108837,0,0,248123,184.675294108164,0,0
96,6,119418,158.61473144752,0,0,119418,188.941432614849,0,0
96,7,182031,149.721986914317,0,0,182031,196.844202361136,0,0
96,8,191695,148.247742507629,0,0,191695,159.159873757792,0,0
96,9,123456,133.262546980301,0,0,123456,146.582952630897,0,0
96,10,198588,130.550264869982,0,0,198588,187.460808306645,0,0
96,11,202951,131.28922744899,0,0,202951,142.656419529837,0,0
96,12,144585,154.20639070443,0,0,144585,198.138866410762,0,0
96,13,151013,154.827319502295,0,0,151013,177.912146636382,0,0
96,14,216323,140.52209427569,0,0,216323,172.523097405269,0,0
96,15,130940,142.429204215671,0,0,130940,169.546265465099,0,0
96,16,200640,136.303125,0,0,200640,157.86158791866,0,0
96,17,179969,132.992820985836,0,0,179969,138.203357244859,0,0
96,18,208074,143.444466872363,0,0,208074,142.161293578246,0,0
96,19,190319,124.108150000788,0,0,190319,133.450207283561,0,0
96,20,188534,138.235591458305,0,0,188534,184.748533421028,0,0
96,21,150305,140.465819500349,0,0,150305,180.154326203386,0,0
96,22,194409,136.845521555072,0,0,194409,174.712467015416,0,0
96,23,194118,146.790385229603,0,0,194118,172.663106976169,0,0
96,24,189621,142.841183202282,0,0,189621,186.801762463018,0,0
96,25,223867,147.766745433673,0,0,223867,181.426029740873,0,0
96,26,158057,128.070531517111,0,0,158057,148.308977141158,0,0
96,27,158833,149.90060629718,0,0,158833,203.493914992476,0,0
96,28,177415,134.394498774061,0,0,177415,150.208911309641,0,0
96,29,106453,142.124298986407,0,0,106453,161.753064732793,0,0
96,30,182636,125.879027135943,0,0,182636,155.006378808121,0,0
96,31,139893,138.194691657195,0,0,139893,160.009886127254,0,0
96,32,169336,124.193774507488,0,0,169336,158.002710587235,0,0
96,33,156758,143.035149721226,0,0,156758,183.511712320902,0,0
100,1,187052,119.814858969698,0,0,187052,120.139004127195,0,0
100,2,183110,126.820359346841,0,0,183110,173.004216045,0,0
100,3,253240,126.606945980098,0,0,253240,132.324423471805,0,0
100,4,227022,141.25457004167,0,0,227022,171.961924394993,0,0
100,5,226937,137.734573912584,0,0,226937,186.72458876252,0,0
100,6,140384,158.085472703442,0,0,140384,188.068483587873,0,0
100,7,120931,152.102694925205,0,0,120931,177.879360957902,0,0
100,8,236755,141.807387383582,0,0,236755,159.538594749847,0,0
100,9,226893,156.112661034056,0,0,226893,146.213673405526,0,0
100,10,220506,151.122726819225,0,0,220506,166.806209354847,0,0
100,11,167011,149.973199370101,0,0,167011,184.517492859752,0,0
100,12,127613,145.839365895324,0,0,127613,159.454271900198,0,0
100,13,190864,160.981389890184,0,0,190864,208.897712507335,0,0
100,14,153079,141.821667243711,0,0,153079,183.95002580367,0,0
100,15,177379,144.064443930792,0,0,177379,152.565929450499,0,0
100,16,194325,147.899071143703,0,0,194325,157.40371542519,0,0
100,17,144576,160.511806938911,0,0,144576,183.49109810757,0,0
100,18,201629,147.097857947022,0,0,201629,170.068085444058,0,0
100,19,205777,134.823804409628,0,0,205777,188.488042881372,0,0
100,20,165641,130.997404024366,0,0,165641,135.247523258131,0,0
100,21,165980,161.646740571153,0,0,165980,185.04877696108,0,0
100,22,185978,154.606969641571,0,0,185978,174.230779984729,0,0
100,23,160933,125.572847085433,0,0,160933,179.566422051413,0,0
100,24,205471,130.905830993182,0,0,205471,140.447707949054,0,0
100,25,177234,130.21820305359,0,0,177234,164.735801257095,0,0
100,26,123025,147.268668969722,0,0,123025,180.18372688478,0,0
100,27,163302,164.821765808135,0,0,163302,191.234908329353,0,0
100,28,244122,146.545317505182,0,0,244122,177.435478981821,0,0
100,29,194931,137.355315470602,0,0,194931,176.429603295525,0,0
100,30,193167,129.204853831141,0,0,193167,147.424120061915,0,0
100,31,123834,131.217242437457,0,0,123834,127.939225091655,0,0
100,32,164172,150.950082839948,0,0,164172,185.188637526497,0,0
100,33,161410,136.833802118828,0,0,161410,148.255857753547,0,0
100,36,22889,119.143518720783,0,0,22889,120.595482546201,0,0
104,1,206847,119.38389244224,0,0,206847,120.772073078169,0,0
104,2,200902,152.915889339081,0,0,200902,198.162671352202,0,0
104,3,143001,157.166453381445,0,0,143001,185.646121355795,0,0
104,4,188745,139.369752841135,0,0,188745,189.331659116798,0,0
104,5,162058,148.685131249306,0,0,162058,166.821471325081,0,0
104,6,272153,140.121332485771,0,0,272153,161.344298978883,0,0
104,7,197198,142.071030132151,0,0,197198,145.497403624783,0,0
104,8,143953,148.485387591783,0,0,143953,159.767736691837,0,0
104,9,204401,153.874594546993,0,0,204401,195.951918043454,0,0
104,10,211848,161.919706582078,0,0,211848,191.7407386428,0,0
104,11,181162,147.9706671377,0,0,181162,187.109807796337,0,0
104,12,126455,131.727816219208,0,0,126455,128.282052904195,0,0
104,13,210356,137.718020878891,0,0,210356,146.644436098804,0,0
104,14,235699,131.481313030603,0,0,235699,138.852388003343,0,0
104,15,190392,132.289775830917,0,0,190392,155.91977604101,0,0
104,16,166245,143.749706758098,0,0,166245,160.56243496045,0,0
104,17,192396,140.160154057257,0,0,192396,181.911645772261,0,0
104,18,176893,153.866099845669,0,0,176893,190.26578779262,0,0
104,19,210456,127.499971490478,0,0,210456,140.668082639602,0,0
104,20,168351,145.23975503561,0,0,168351,167.866748638262,0,0
104,21,192888,137.067474389283,0,0,192888,166.027248973498,0,0
104,22,121759,145.3338233724,0,0,121759,180.703561954352,0,0
104,23,233431,136.736645946768,0,0,233431,170.100655011545,0,0
104,24,163951,146.635763124348,0,0,163951,167.125171545157,0,0
104,25,100458,151.815823528241,0,0,100458,173.20730056342,0,0
104,26,155356,153.71240891887,0,0,155356,210.686693787173,0,0
104,27,190393,136.377088443378,0,0,190393,169.877747606267,0,0
104,28,278454,132.843697702313,0,0,278454,160.690210950462,0,0
104,29,148357,144.899566586005,0,0,148357,201.884953187244,0,0
104,30,167764,139.854074771703,0,0,167764,161.652786056603,0,0
104,31,173636,142.920442765325,0,0,173636,134.597980833468,0,0
104,32,129608,131.486212270847,0,0,129608,190.403709647553,0,0
104,33,228102,134.562287923824,0,0,228102,192.562274771813,0,0
108,1,289116,121.412197872134,0,0,289116,120.011095892306,0,0
108,2,265123,133.217114320523,0,0,265123,174.984184699177,0,0
108,3,197712,146.305980415959,0,0,197712,159.409459213401,0,0
108,4,236664,125.642138221276,0,0,236664,144.710653077781,0,0
108,5,225996,150.897391989239,0,0,225996,183.773951751358,0,0
108,6,172628,136.752797923859,0,0,172628,199.17885279329,0,0
108,7,275264,141.147233201581,0,0,275264,181.895965327831,0,0
108,8,153914,146.954890393337,0,0,153914,168.680224021207,0,0
108,9,172274,129.694062946237,0,0,172274,142.955605605025,0,0
108,10,212683,148.17114673011,0,0,212683,165.160040999986,0,0
108,11,166161,151.2825994066,0,0,166161,194.634258339803,0,0
108,12,233811,136.160574138941,0,0,233811,142.063149295799,0,0
108,13,230505,152.105811153771,0,0,230505,182.400815600529,0,0
108,14,204892,135.309328817133,0,0,204892,161.87352849306,0,0
108,15,207634,142.745952011713,0,0,207634,177.319302233738,0,0
108,16,220408,140.597373961018,0,0,220408,170.130834633952,0,0
108,17,208522,147.853535837945,0,0,208522,186.970607417922,0,0
108,18,174435,144.838157479864,0,0,174435,160.846246452833,0,0
108,19,133956,150.221042730449,0,0,133956,160.422302845711,0,0
108,20,167118,144.144682200601,0,0,167118,209.951489366795,0,0
108,21,173938,139.115535420667,0,0,173938,141.929515114581,0,0
108,22,200402,139.968468378559,0,0,200402,196.96786459217,0,0
108,23,182810,142.587396750725,0,0,182810,159.567709643893,0,0
108,24,179391,157.780931038904,0,0,179391,191.619791405366,0,0
108,25,129087,131.139812684469,0,0,129087,128.009358029856,0,0
108,26,223657,131.459310462002,0,0,223657,150.658114881269,0,0
108,27,156190,151.180011524425,0,0,156190,167.468704782637,0,0
108,28,162914,146.575143940975,0,0,162914,165.628448138282,0,0
108,29,147654,153.235476180801,0,0,147654,194.317763148983,0,0
108,30,132790,162.031064086151,0,0,132790,168.227976504255,0,0
108,31,177820,143.849988752671,0,0,177820,188.497384996063,0,0
108,32,129573,149.989658339315,0,0,129573,190.655738464032,0,0
108,33,139870,142.153721312647,0,0,139870,176.309601773075,0,0
112,1,219750,118.93827076223,0,0,219750,121.06655745165,0,0
112,2,250698,132.545732315375,0,0,250698,141.029840684808,0,0
112,3,247714,134.598900344752,0,0,247714,160.937835568438,0,0
112,4,190348,150.142764830731,0,0,190348,186.37468741463,0,0
112,5,222172,136.772797652269,0,0,222172,136.576836865132,0,0
112,6,212523,136.589522075258,0,0,212523,178.770358972911,0,0
112,7,248990,134.961809711233,0,0,248990,158.660492389253,0,0
112,8,228183,158.980660259529,0,0,228183,189.340923732268,0,0
112,9,166275,147.245899864682,0,0,166275,189.575185686363,0,0
112,10,179514,180.67600298584,0,0,179514,215.346502222668,0,0
112,11,184549,140.303518306791,0,0,184549,175.260239827905,0,0
112,12,197686,160.580071426403,0,0,197686,184.410023977419,0,0
112,13,133083,155.879233260446,0,0,133083,164.00720602932,0,0
112,14,171162,146.968164662717,0,0,171162,187.372232154333,0,0
112,15,195468,134.957681052653,0,0,195468,151.594966951112,0,0
112,16,171533,151.099776719348,0,0,171533,190.176642395341,0,0
112,17,220070,124.682896351161,0,0,220070,139.027659381106,0,0
112,18,152331,145.665032068325,0,0,152331,157.610867124879,0,0
112,19,173360,145.853039916936,0,0,173360,167.12332141209,0,0
112,20,226856,150.327758578129,0,0,226856,155.882039708009,0,0
112,21,182230,144.935257641442,0,0,182230,160.13254678154,0,0
112,22,170457,138.364584616648,0,0,170457,162.833676528391,0,0
112,23,147477,127.948073258881,0,0,147477,129.043464404619,0,0
112,24,174388,129.9203958988,0,0,174388,140.231156960341,0,0
112,25,156673,165.17251217504,0,0,156673,203.603722402711,0,0
112,26,204165,148.026277765533,0,0,204165,179.199035094164,0,0
112,27,162231,138.671123274837,0,0,162231,161.287836480081,0,0
112,28,248200,134.223082191781,0,0,248200,165.885483481064,0,0
112,29,154608,151.330991927973,0,0,154608,196.887987684984,0,0
112,30,194185,134.481587146278,0,0,194185,170.927816257692,0,0
112,31,302567,142.488437271745,0,0,302567,170.865494254165,0,0
112,32,194877,161.795347834788,0,0,194877,168.298331768244,0,0
112,33,111075,131.884456448346,0,0,111075,133.170461399955,0,0
116,1,285397,118.837703269481,0,0,285397,120.900377369068,0,0
116,2,223534,144.173731960239,0,0,223534,174.495624826648,0,0
116,3,257639,138.170335236513,0,0,257639,166.947861154561,0,0
116,4,197820,152.619750278031,0,0,197820,192.771261753109,0,0
116,5,227601,155.971761986986,0,0,227601,174.625810079921,0,0
116,6,238348,141.608052091899,0,0,238348,151.404949905181,0,0
116,7,223275,140.948046131452,0,0,223275,167.616275892957,0,0
116,8,232822,124.817199405554,0,0,232822,145.330845023237,0,0
116,9,164485,150.019399945284,0,0,164485,164.01825698392,0,0
116,10,205211,131.92706044023,0,0,205211,143.911125621921,0,0
116,11,183147,135.417189470753,0,0,183147,127.939540369212,0,0
116,12,225489,159.221922133674,0,0,225489,179.325656683918,0,0
116,13,194753,152.979800054428,0,0,194753,180.926501774042,0,0
116,14,221548,157.162353079242,0,0,221548,179.560970985971,0,0
116,15,155614,136.065977354223,0,0,155614,154.33597234182,0,0
116,16,221646,149.21955731211,0,0,221646,171.672870252565,0,0
116,17,144277,166.68103024044,0,0,144277,211.905771536697,0,0
116,18,221564,133.253014930223,0,0,221564,155.353649509848,0,0
116,19,135248,130.330836685201,0,0,135248,129.628452916124,0,0
116,20,188473,175.709358900214,0,0,188473,194.835870389923,0,0
116,21,203548,146.576154027551,0,0,203548,162.391018334742,0,0
116,22,161722,158.607313785385,0,0,161722,179.437349278391,0,0
116,23,107978,139.497684713553,0,0,107978,159.812489581211,0,0
116,24,290875,133.074777825526,0,0,290875,147.65060249248,0,0
116,25,215982,144.469497458122,0,0,215982,178.668254761971,0,0
116,26,187620,155.841861208826,0,0,187620,149.322375013325,0,0
116,27,211278,145.858731150427,0,0,211278,195.76354376698,0,0
116,28,198783,134.334792210602,0,0,198783,137.397825769809,0,0
116,29,219540,152.740562084358,0,0,219540,157.045057848228,0,0
116,30,126878,133.810361134318,0,0,126878,159.846884408645,0,0
116,31,234215,141.95469974169,0,0,234215,156.451115428132,0,0
116,32,127471,173.418879588299,0,0,127471,181.945509174636,0,0
116,33,153170,162.811986681465,0,0,153170,209.753385127636,0,0
116,35,139671,143.569953676855,0,0,139671,163.030378532408,0,0
120,1,255733,123.608278947183,0,0,255733,124.808495579374,0,0
120,2,177999,139.347917684931,0,0,177999,156.084584744858,0,0
120,3,302345,138.402923812201,0,0,302345,159.836544345036,0,0
120,4,244566,141.272421350474,0,0,244566,147.555060801583,0,0
120,5,164950,147.989893907245,0,0,164950,153.086044255835,0,0
120,6,202282,137.992876281627,0,0,202282,160.165378036602,0,0
120,7,149645,132.150382572087,0,0,149645,129.168371813291,0,0
120,8,263047,152.121670271853,0,0,263047,176.248381467951,0,0
120,9,197522,152.51970919695,0,0,197522,183.553680096394,0,0
120,10,198232,136.861223213205,0,0,198232,176.093879898301,0,0
120,11,250148,131.341937572957,0,0,250148,148.719106289077,0,0
120,12,201823,132.974760062035,0,0,201823,146.371196543506,0,0
120,13,173408,143.615611736483,0,0,173408,140.583531324968,0,0
120,14,193593,147.246367378986,0,0,193593,163.026896633659,0,0
120,15,153997,141.234075988493,0,0,153997,160.218452307512,0,0
120,16,154546,150.586064990359,0,0,154546,171.578889133332,0,0
120,17,131066,146.378824409076,0,0,131066,138.810339828789,0,0
120,18,130989,128.346235180053,0,0,130989,158.074174167296,0,0
120,19,161820,142.864034111976,0,0,161820,178.971771103695,0,0
120,20,202510,154.438570934769,0,0,202510,200.875625895018,0,0
120,21,165945,162.264720238633,0,0,165945,187.908921630661,0,0
120,22,146585,125.707800934611,0,0,146585,155.741440120067,0,0
120,23,107063,143.943948889906,0,0,107063,141.435790142253,0,0
120,24,130246,158.752859972667,0,0,130246,181.461887505182,0,0
120,25,143349,149.066181138341,0,0,143349,184.091434192077,0,0
120,26,230660,148.642586490939,0,0,230660,176.919353160496,0,0
120,27,166234,162.626706931193,0,0,166234,186.742218800005,0,0
120,28,173944,144.013866531757,0,0,173944,181.630530515568,0,0
120,29,155243,153.907036066038,0,0,155243,203.462223739557,0,0
120,30,172876,124.263900136514,0,0,172876,150.519846595247,0,0
120,32,174767,139.83589007078,0,0,174767,173.939782682085,0,0
120,33,93416,130.630052667637,0,0,93416,147.233792926265,0,0
120,35,114821,130.228677680912,0,0,114821,135.76659321901,0,0
120,36,72290,142.423696223544,0,0,72290,154.44903859455,0,0
120,38,241410,120.877001781202,0,0,241410,138.815860983389,0,0
120,39,66244,140.910829660045,0,0,66244,148.488663124207,0,0
120,111,41115,146.523336981637,0,0,41115,154.548388665937,0,0
124,1,192326,125.669488264717,0,0,192326,121.458195979743,0,0
124,2,329713,131.100730028843,0,0,329713,146.608768838353,0,0
124,3,256241,140.545123536046,0,0,256241,146.423644147502,0,0
124,4,213232,158.97023898852,0,0,213232,174.454247017333,0,0
124,5,182452,149.736018240414,0,0,182452,200.646975642909,0,0
124,6,194090,140.560039157092,0,0,194090,152.404260909887,0,0
124,7,179755,164.503251648077,0,0,179755,185.065327807293,0,0
124,8,197642,148.999246111656,0,0,197642,186.570369658271,0,0
124,9,166640,159.35936149784,0,0,166640,186.119629140663,0,0
124,10,254094,137.449003124828,0,0,254094,160.850634017332,0,0
124,11,147151,138.593037084356,0,0,147151,152.208466133428,0,0
124,12,142566,131.337626081955,0,0,142566,158.367485936338,0,0
124,13,211505,157.797375948559,0,0,211505,191.992047469327,0,0
124,14,116471,127.921508358304,0,0,116471,163.707171742322,0,0
124,15,187048,150.749636456952,0,0,187048,202.092601898978,0,0
124,16,269141,130.265916378404,0,0,269141,153.973010429477,0,0
124,17,173024,149.540786249306,0,0,173024,165.077463242094,0,0
124,18,130243,144.814677180348,0,0,130243,142.642675614045,0,0
124,19,255936,151.606370342586,0,0,255936,174.080488872218,0,0
124,20,139319,131.461825020277,0,0,139319,162.104544247375,0,0
124,21,148613,136.542765437748,0,0,148613,163.806773297087,0,0
124,22,124425,168.004315852923,0,0,124425,193.711874623267,0,0
124,23,207616,162.484577296547,0,0,207616,187.408624576141,0,0
124,24,176263,151.308363071093,0,0,176263,195.683960899338,0,0
124,25,110538,142.812426495866,0,0,110538,170.48844741175,0,0
124,26,133766,131.189622176039,0,0,133766,132.141403645171,0,0
124,27,166034,145.535558981895,0,0,166034,174.546918101112,0,0
124,28,142858,156.151367091797,0,0,142858,155.257199456803,0,0
124,29,185222,143.943484035374,0,0,185222,153.903801924177,0,0
124,30,231739,132.525940821355,0,0,231739,149.512119237591,0,0
124,31,187838,149.235074904971,0,0,187838,141.057288727521,0,0
124,32,65973,151.165219104785,0,0,65973,149.173358798296,0,0
124,33,68079,140.523465385802,0,0,68079,145.173474933533,0,0
124,34,145586,134.198391328837,0,0,145586,133.578702622505,0,0
124,35,136725,135.770956299141,0,0,136725,143.989292375206,0,0
124,36,135691,134.229462528834,0,0,135691,157.464408103706,0,0
124,37,146961,124.979838188363,0,0,146961,151.232490252516,0,0
124,38,131882,118.570328020503,0,0,131882,127.25170227931,0,0
124,39,79098,149.464310096336,0,0,79098,143.498887456067,0,0
128,1,202910,120.562944162437,0,0,202910,121.368833472968,0,0
128,2,125612,128.730710441678,0,0,125612,149.926376460848,0,0
128,3,209939,149.385288107498,0,0,209939,188.455332263181,0,0
128,4,243775,133.658422725874,0,0,243775,149.95097938673,0,0
128,5,237311,139.763542355812,0,0,237311,164.019893725955,0,0
128,6,217640,127.446264473442,0,0,217640,153.638986399559,0,0
128,7,208405,144.256975600393,0,0,208405,163.846467215278,0,0
128,8,227730,136.794208053397,0,0,227730,138.152289992535,0,0
128,9,144925,155.816139382439,0,0,144925,195.600020700362,0,0
128,10,187627,140.207773934455,0,0,187627,170.70760604817,0,0
128,11,137725,137.243746596479,0,0,137725,137.711003811944,0,0
128,12,164986,131.696210587565,0,0,164986,150.742202368686,0,0
128,13,186220,153.278520030072,0,0,186220,185.006030501557,0,0
128,14,215095,144.778497873033,0,0,215095,174.011171807806,0,0
128,15,136915,143.387459372603,0,0,136915,169.335616988643,0,0
128,16,256048,137.172701993376,0,0,256048,155.82918437168,0,0
128,17,188000,128.692675531915,0,0,188000,157.728,0,0
128,18,209262,139.340874119525,0,0,209262,146.947429538091,0,0
128,19,123240,138.794449853944,0,0,123240,168.456694255112,0,0
128,20,176586,153.662119307306,0,0,176586,196.435583794865,0,0
128,21,135672,132.86573500796,0,0,135672,160.948250191639,0,0
128,22,220978,161.401904261963,0,0,220978,172.161414258433,0,0
128,23,137613,137.163451127437,0,0,137613,171.803114531331,0,0
128,24,87752,164.842043486188,0,0,87752,158.774614823594,0,0
128,25,170445,161.275379154566,0,0,170445,180.001496083781,0,0
128,26,140526,168.516786929109,0,0,140526,173.516694419538,0,0
128,27,141170,129.565431748955,0,0,141170,156.109194588085,0,0
128,28,119298,143.438624285403,0,0,119298,142.27632483361,0,0
128,29,147176,161.909448551394,0,0,147176,182.684758384519,0,0
128,30,139689,169.178890249053,0,0,139689,156.158494942336,0,0
128,31,124632,137.174778548045,0,0,124632,139.411700044932,0,0
128,32,132717,129.398818538695,0,0,132717,148.560990679416,0,0
128,33,127125,134.67324287119,0,0,127125,150.076255653884,0,0
128,34,145441,145.045502987466,0,0,145441,158.523696894273,0,0
128,35,97990,130.175079089703,0,0,97990,160.203888151852,0,0
128,36,258163,161.396873293229,0,0,258163,191.191425572216,0,0
128,37,155021,127.200501867489,0,0,155021,166.329013488495,0,0
128,38,103759,132.49171638123,0,0,103759,150.431808325061,0,0
128,39,241222,135.396887514406,0,0,241222,152.74909004983,0,0
128,40,101170,126.013037461698,0,0,101170,138.607749332806,0,0
128,41,108091,120.152260595239,0,0,108091,136.33252537214,0,0
128,44,132713,121.966830679737,0,0,132713,150.832141538508,0,0
132,1,175984,128.286179425402,0,0,175984,124.232396126921,0,0
132,2,236462,136.795282117211,0,0,236462,158.433181652866,0,0
132,3,186314,190.38552121687,0,0,186314,201.925233745183,0,0
132,4,133334,137.902942985285,0,0,133334,162.728748856256,0,0
132,5,227055,150.54061350774,0,0,227055,176.550223514127,0,0
132,6,217742,153.288534136731,0,0,217742,168.569862497819,0,0
132,7,179755,139.031798837306,0,0,179755,160.465500264249,0,0
132,8,116406,145.308557978111,0,0,116406,166.522516021511,0,0
132,9,165113,162.398212133509,0,0,165113,174.626249901583,0,0
132,10,149522,139.101563649496,0,0,149522,167.954013456214,0,0
132,11,127459,167.332067566825,0,0,127459,177.983163213269,0,0
132,12,121333,124.341811378603,0,0,121333,132.144313583279,0,0
132,13,129671,143.544477948038,0,0,129671,145.068018292448,0,0
132,14,133403,136.529066062982,0,0,133403,166.840445867034,0,0
132,15,136057,142.963721087485,0,0,136057,129.619556509404,0,0
132,16,206101,142.789753567426,0,0,206101,147.828467595985,0,0
132,17,132138,127.523891688992,0,0,132138,142.602756209417,0,0
132,19,161634,142.522223047131,0,0,161634,175.086807231152,0,0
132,20,98800,144.813957489879,0,0,98800,137.806700404858,0,0
132,21,205622,154.673381252979,0,0,205622,195.83013004445,0,0
132,22,245328,152.763748940194,0,0,245328,187.121718678667,0,0
132,23,91046,154.532203501527,0,0,91046,167.140105001867,0,0
132,24,147316,164.674088354286,0,0,147316,187.607401775775,0,0
132,25,116873,133.802144207815,0,0,116873,146.227657371677,0,0
132,26,133271,134.140015457226,0,0,133271,138.284638068297,0,0
132,27,59617,126.297817736552,0,0,59617,135.117416173239,0,0
132,28,87891,163.02002480345,0,0,87891,163.934339124597,0,0
132,29,104382,139.673995516468,0,0,104382,161.276838918587,0,0
132,30,99169,145.280490879206,0,0,99169,152.683691476167,0,0
132,31,119557,128.279991970357,0,0,119557,161.650802546066,0,0
132,32,120303,120.319900584358,0,0,120303,136.100579370423,0,0
132,33,101080,139.24055203799,0,0,101080,153.24814008706,0,0
132,34,88392,131.520341207349,0,0,88392,154.309824418499,0,0
132,35,139883,152.508553576918,0,0,139883,142.088824231679,0,0
132,36,126974,129.272662119804,0,0,126974,139.770921605998,0,0
132,37,146261,172.165560197182,0,0,146261,180.8120209762,0,0
132,38,67391,152.408021842679,0,0,67391,156.032511759731,0,0
132,39,63631,139.63516210652,0,0,63631,135.22298879477,0,0
132,40,124156,127.16944005928,0,0,124156,153.212998163601,0,0
132,41,172065,156.840676488536,0,0,172065,178.14607851684,0,0
132,42,95317,168.648352340086,0,0,95317,166.467503173621,0,0
132,44,165470,131.179265123587,0,0,165470,144.164863721521,0,0
132,45,71952,159.947756837892,0,0,71952,152.724608072048,0,0
132,46,73859,163.065692738867,0,0,73859,198.63489892904,0,0
132,47,116144,120.022962873674,0,0,116144,147.505536230886,0,0
132,119,108739,152.388066838945,0,0,108739,203.686947645279,0,0
132,120,61682,171.408190395902,0,0,61682,200.723241788528,0,0
132,162,30297,161.346634980361,0,0,30297,157.916328349342,0,0
136,1,166336,124.678602347057,0,0,166336,133.300259715275,0,0
136,2,263662,146.907601398761,0,0,263662,167.40028142091,0,0
136,3,187735,138.053303859163,0,0,187735,167.06538471782,0,0
136,4,120368,134.861898511232,0,0,120368,155.850051508707,0,0
136,5,120281,147.716838070851,0,0,120281,169.443311911274,0,0
136,6,152641,135.255920755236,0,0,152641,164.82586592069,0,0
136,7,115727,146.408858779714,0,0,115727,148.469216345365,0,0
136,8,167445,169.361909880856,0,0,167445,193.570605273373,0,0
136,9,130443,163.263816379568,0,0,130443,149.206756974311,0,0
136,10,156089,129.321912498639,0,0,156089,155.744895540365,0,0
136,11,138233,170.447252103333,0,0,138233,175.266680170437,0,0
136,12,122516,155.017107969571,0,0,122516,164.046687779555,0,0
136,13,116938,126.394379927825,0,0,116938,133.789820246626,0,0
136,14,160379,141.222959365004,0,0,160379,163.926517810935,0,0
136,15,198625,155.14186028949,0,0,198625,209.086021397105,0,0
136,16,154431,123.994191580706,0,0,154431,148.790702643899,0,0
136,17,115964,130.477510261805,0,0,115964,147.732986099134,0,0
136,18,102727,159.605420191381,0,0,102727,159.967632657432,0,0
136,19,157495,148.111825772247,0,0,157495,160.139191720372,0,0
136,20,128920,155.053234564071,0,0,128920,170.096974868135,0,0
136,21,132327,132.888941788146,0,0,132327,148.434121532265,0,0
136,22,118624,150.30675074184,0,0,118624,188.039224777448,0,0
136,23,127266,133.715037794855,0,0,127266,161.926382537363,0,0
136,24,144302,130.107080982939,0,0,144302,151.51997200316,0,0
136,25,140891,169.386596730806,0,0,140891,176.447501969608,0,0
136,26,133094,139.470148917307,0,0,133094,161.93909567674,0,0
136,27,174520,150.230030942012,0,0,174520,149.164359385744,0,0
136,28,181965,152.345511499464,0,0,181965,199.112801912456,0,0
136,29,112137,130.552716766099,0,0,112137,137.385394651186,0,0
136,30,101760,147.738934748428,0,0,101760,191.491391509434,0,0
136,31,134795,191.037145294707,0,0,134795,205.514062094291,0,0
136,32,115993,121.376531342409,0,0,115993,128.159414792272,0,0
136,33,136594,127.174539145204,0,0,136594,170.499611988814,0,0
136,34,115068,170.183456738624,0,0,115068,170.507265269232,0,0
136,35,138562,132.722853307545,0,0,138562,176.771380320723,0,0
136,36,130530,136.624867846472,0,0,130530,154.550034474833,0,0
136,37,173548,149.032054532464,0,0,173548,160.260158572844,0,0
136,38,84940,179.301083117495,0,0,84940,158.004320696963,0,0
136,39,155588,171.888519680181,0,0,155588,191.25057845078,0,0
136,40,254178,151.226054182502,0,0,254178,162.139811470702,0,0
136,41,102511,137.089902547044,0,0,102511,154.862873252627,0,0
136,42,139657,126.130319282241,0,0,139657,132.199954173439,0,0
136,43,91435,139.876327445726,0,0,91435,160.197659539564,0,0
136,44,75180,136.219140728917,0,0,75180,147.792910348497,0,0
136,45,125270,133.750546818871,0,0,125270,168.923748702802,0,0
136,46,86633,153.996387058049,0,0,86633,152.579802153914,0,0
136,47,129430,140.14504365294,0,0,129430,183.152955265394,0,0
136,48,79797,137.218867877238,0,0,79797,146.509467774478,0,0
136,49,117620,118.461724196565,0,0,117620,147.092475769427,0,0
136,50,111746,153.460759221807,0,0,111746,153.599896193152,0,0
136,52,175943,129.320831178279,0,0,175943,133.952905202253,0,0
136,53,89320,139.967218987909,0,0,89320,164.34407747425,0,0
136,128,63927,146.511865096125,0,0,63927,170.506765529432,0,0
140,1,277033,132.102283843441,0,0,277033,141.154274039555,0,0
140,2,132777,129.192962636601,0,0,132777,139.683152955708,0,0
140,3,136104,139.325809674954,0,0,136104,150.932808734497,0,0
140,4,138416,141.074052132701,0,0,138416,162.13523003121,0,0
140,5,103785,146.222922387628,0,0,103785,166.657503492798,0,0
140,6,132080,149.701582374319,0,0,132080,185.773069351908,0,0
140,7,140779,133.37426746887,0,0,140779,154.889109881445,0,0
140,8,168907,157.90308276152,0,0,168907,169.403091642146,0,0
140,9,143122,138.675773116642,0,0,143122,157.380612344713,0,0
140,10,143525,168.878864309354,0,0,143525,207.029130813447,0,0
140,11,120926,135.541496452376,0,0,120926,180.396366372823,0,0
140,12,146235,146.948958867576,0,0,146235,169.094252401956,0,0
140,13,157549,134.549536969451,0,0,157549,149.308843597865,0,0
140,14,145918,129.768993544319,0,0,145918,140.13972230979,0,0
140,15,151926,147.684023801061,0,0,151926,166.23862275055,0,0
140,16,120358,132.325744861164,0,0,120358,174.396965718939,0,0
140,17,133517,131.772643184014,0,0,133517,149.431091171911,0,0
140,18,132723,147.57056425789,0,0,132723,167.659132177543,0,0
140,19,122239,138.058107477973,0,0,122239,167.842603424439,0,0
140,20,142614,123.348990982652,0,0,142614,126.767091589886,0,0
140,21,178134,134.299852919712,0,0,178134,164.403039285033,0,0
140,22,175158,142.712785028374,0,0,175158,187.34883933363,0,0
140,23,130826,145.633505572287,0,0,130826,164.998173146011,0,0
140,24,157819,171.850632686812,0,0,157819,208.741501340143,0,0
140,25,128482,169.348079886677,0,0,128482,170.579676530565,0,0
140,26,192377,162.275022481898,0,0,192377,194.974144518316,0,0
140,27,202854,167.497648555118,0,0,202854,176.604237530441,0,0
140,28,159765,168.524038431446,0,0,159765,179.139461083466,0,0
140,29,107520,180.511867559524,0,0,107520,161.158082217262,0,0
140,30,131020,132.29930544955,0,0,131020,146.213211723401,0,0
140,31,98820,150.414045739729,0,0,98820,145.923254401943,0,0
140,32,112743,134.719902787756,0,0,112743,159.763337856896,0,0
140,33,167875,145.802412509308,0,0,167875,171.560804169769,0,0
140,34,129342,128.538827295078,0,0,129342,141.749470396314,0,0
140,35,126388,132.362716397126,0,0,126388,159.845143526284,0,0
140,36,114640,132.346755059316,0,0,114640,164.074834263782,0,0
140,37,117744,152.301892240794,0,0,117744,159.060546609594,0,0
140,38,91934,155.538875715187,0,0,91934,152.227554550003,0,0
140,39,148104,134.42420191217,0,0,148104,142.313374385567,0,0
140,40,121403,145.914269004885,0,0,121403,169.690122978839,0,0
140,41,138434,176.735260123958,0,0,138434,162.52081858503,0,0
140,42,155549,175.505249149786,0,0,155549,204.139711602132,0,0
140,43,86743,150.53270004496,0,0,86743,180.001026019391,0,0
140,44,92767,155.888365474792,0,0,92767,177.586102816734,0,0
140,45,106063,156.014877949898,0,0,106063,174.65905169569,0,0
140,46,108376,148.38077618661,0,0,108376,194.36890086366,0,0
140,47,174812,132.041884996453,0,0,174812,148.24560098849,0,0
140,48,137762,145.843440135887,0,0,137762,143.441703808017,0,0
140,49,100812,121.707237233663,0,0,100812,126.465658850137,0,0
140,50,140213,175.784285337308,0,0,140213,189.892920057341,0,0
140,51,169892,119.894827302051,0,0,169892,128.002207284628,0,0
140,53,174760,125.572962920577,0,0,174760,127.117074845502,0,0
140,54,135838,148.99946995686,0,0,135838,190.532111780209,0,0
140,134,60553,162.063448549205,0,0,60553,142.402919756247,0,0
140,135,58251,125.40359822149,0,0,58251,156.881272424508,0,0
144,1,116967,132.381064744757,0,0,116967,136.372352885857,0,0
144,2,133693,171.814148833522,0,0,133693,191.064902425707,0,0
144,3,155379,123.111134709324,0,0,155379,125.510757566981,0,0
144,4,158992,125.315474992452,0,0,158992,146.191192009661,0,0
144,5,98650,136.193573238723,0,0,98650,170.695022807907,0,0
144,6,120764,139.919181212944,0,0,120764,189.441431221225,0,0
144,7,155440,133.051962171899,0,0,155440,161.401415337108,0,0
144,8,141320,131.665121709595,0,0,141320,162.584022077554,0,0
144,9,224642,142.500538634806,0,0,224642,183.410034632883,0,0
144,10,72973,137.124415879846,0,0,72973,180.274868787086,0,0
144,11,127809,128.970205541081,0,0,127809,160.849838430783,0,0
144,12,129576,129.633898252763,0,0,129576,155.802108415139,0,0
144,13,119265,128.229673416342,0,0,119265,150.736100280887,0,0
144,14,124242,129.42242558877,0,0,124242,153.046972843322,0,0
144,15,103863,160.855107208534,0,0,103863,156.157592212819,0,0
144,16,118128,142.021324326155,0,0,118128,201.898330624407,0,0
144,17,135253,138.783938249059,0,0,135253,151.800802939676,0,0
144,18,134666,181.329296184635,0,0,134666,171.037804642597,0,0
144,19,168863,125.896709166603,0,0,168863,144.118995872394,0,0
144,20,118892,127.995273020893,0,0,118892,180.262204353531,0,0
144,21,119293,139.707451401172,0,0,119293,195.83184260602,0,0
144,22,127762,145.660047588485,0,0,127762,201.184342762324,0,0
144,23,181695,167.682082610969,0,0,181695,192.529100965904,0,0
144,24,135971,132.165233763082,0,0,135971,172.891035588471,0,0
144,25,200244,128.918609296658,0,0,200244,138.372974970536,0,0
144,26,154994,137.634689084739,0,0,154994,170.417248409616,0,0
144,27,152355,126.569859866759,0,0,152355,141.958360408257,0,0
144,28,99696,132.265256379393,0,0,99696,179.681230942064,0,0
144,29,184035,131.339788627163,0,0,184035,139.6237237482,0,0
144,30,135917,133.256546274565,0,0,135917,170.494772545009,0,0
144,31,77428,135.725848530247,0,0,77428,178.90593842021,0,0
144,32,193058,161.291176744812,0,0,193058,197.466258844492,0,0
144,33,119786,135.366946053796,0,0,119786,189.591312841234,0,0
144,34,137274,182.172727537625,0,0,137274,191.70412459752,0,0
144,35,157530,129.077223386022,0,0,157530,146.941553989716,0,0
144,36,116612,137.650001715089,0,0,116612,176.691781291805,0,0
144,37,107993,167.751048679081,0,0,107993,165.661941051735,0,0
144,38,152460,186.817912895186,0,0,152460,181.018890200708,0,0
144,39,132700,141.273067068576,0,0,132700,170.287520723436,0,0
144,40,152292,134.433863893048,0,0,152292,162.074711737977,0,0
144,41,130779,169.484167947453,0,0,130779,178.195275999969,0,0
144,42,136877,126.213454415278,0,0,136877,162.08287732782,0,0
144,43,131821,146.808330994303,0,0,131821,153.374022348488,0,0
144,44,95540,135.67153024911,0,0,95540,171.156604563534,0,0
144,45,159499,151.026827754406,0,0,159499,168.042633496135,0,0
144,46,120690,175.334476758638,0,0,120690,161.199486287182,0,0
144,47,180763,186.609483135376,0,0,180763,219.437960202032,0,0
144,49,132318,144.531431853565,0,0,132318,144.690661890295,0,0
144,50,121526,164.463423464938,0,0,121526,140.146108651647,0,0
144,51,175794,119.995193237539,0,0,175794,126.455072414303,0,0
144,52,142704,118.853935418769,0,0,142704,129.884277945958,0,0
144,53,163123,128.633049907125,0,0,163123,142.311231402071,0,0
144,54,119899,120.093562081419,0,0,119899,139.152628462289,0,0
144,56,119864,118.301358205967,0,0,119864,127.13862377361,0,0
144,57,129975,138.570094248894,0,0,129975,160.332494710521,0,0
144,58,120290,168.060246071993,0,0,120290,167.628938398869,0,0
144,147,91056,162.728914074855,0,0,91056,216.644537427517,0,0
148,1,157228,133.166408018928,0,0,157228,125.083382094792,0,0
148,2,237326,163.513116978334,0,0,237326,202.515855827006,0,0
148,3,167529,158.649445767598,0,0,167529,174.592339236789,0,0
148,4,159951,138.455033103888,0,0,159951,141.544729323355,0,0
148,5,120567,143.571192780777,0,0,120567,185.269767017509,0,0
148,6,148001,131.930034256525,0,0,148001,161.497875014358,0,0
148,7,127183,119.57379523993,0,0,127183,128.846394565311,0,0
148,8,162083,169.086893751967,0,0,162083,188.218240037512,0,0
148,9,159504,119.783992877922,0,0,159504,129.917795165012,0,0
148,10,99773,138.994297054313,0,0,99773,180.897076363345,0,0
148,11,127165,144.591436322888,0,0,127165,153.143286281603,0,0
148,12,135181,132.51739519607,0,0,135181,154.123782188325,0,0
148,13,121453,157.851358138539,0,0,121453,151.613455410735,0,0
148,14,109554,178.992031327017,0,0,109554,192.049947970864,0,0
148,15,143565,129.139428133598,0,0,143565,163.912555288545,0,0
148,16,129686,139.1140292707,0,0,129686,161.651866816773,0,0
148,17,148147,152.59340384888,0,0,148147,141.272513111977,0,0
148,18,165963,166.817537643933,0,0,165963,169.417526798142,0,0
148,19,179166,181.576889588426,0,0,179166,178.493988814842,0,0
148,20,119590,155.038933021156,0,0,119590,226.565448616105,0,0
148,21,164430,127.236617405583,0,0,164430,154.443477467615,0,0
148,22,170915,155.372600415411,0,0,170915,178.29597168183,0,0
148,23,95217,136.425165674197,0,0,95217,187.1236753941,0,0
148,24,160878,132.584343415507,0,0,160878,157.340761322244,0,0
148,25,184669,130.026956338097,0,0,184669,143.748019429357,0,0
148,26,163790,129.672928750229,0,0,163790,146.244941693632,0,0
148,27,116776,131.9586644516,0,0,116776,138.051491744879,0,0
148,28,106588,169.855518444853,0,0,106588,170.207255976283,0,0
148,29,96080,141.486074104913,0,0,96080,200.740154038301,0,0
148,30,80128,136.588096545527,0,0,80128,188.51178115016,0,0
148,31,116738,178.320281313711,0,0,116738,202.55474652641,0,0
148,32,149430,145.692973298534,0,0,149430,171.686508733186,0,0
148,33,131881,131.412022960093,0,0,131881,179.767449443059,0,0
148,34,134903,162.153955064009,0,0,134903,170.95171345337,0,0
148,35,129297,142.495332451642,0,0,129297,171.928358739955,0,0
148,36,131806,142.851713882524,0,0,131806,211.903350378587,0,0
148,37,128900,179.557463149728,0,0,128900,190.793832428239,0,0
148,38,148209,136.621932541209,0,0,148209,211.059787192411,0,0
148,39,119860,154.344560320374,0,0,119860,170.770707492074,0,0
148,40,145557,162.708052515509,0,0,145557,189.179476081535,0,0
148,41,130530,128.098061748257,0,0,130530,165.665103807554,0,0
148,42,211757,122.047554508233,0,0,211757,126.360403670245,0,0
148,43,130541,135.059038922637,0,0,130541,187.994905815031,0,0
148,44,137274,182.150079403237,0,0,137274,151.111463204977,0,0
148,45,169763,181.930544347119,0,0,169763,191.677615263632,0,0
148,46,137848,133.697413092682,0,0,137848,191.28944199408,0,0
148,47,158007,124.42021556007,0,0,158007,141.874315694874,0,0
148,48,156695,125.414652669198,0,0,156695,145.175602284693,0,0
148,49,127610,167.717960974845,0,0,127610,225.896309066688,0,0
148,50,109271,130.236183433848,0,0,109271,142.849484309652,0,0
148,52,121639,145.040398227542,0,0,121639,169.762321294979,0,0
148,53,123491,119.239782656226,0,0,123491,124.859358171851,0,0
148,54,160643,135.052657134142,0,0,160643,172.279651151933,0,0
148,55,79464,183.076638477801,0,0,79464,173.680698177791,0,0
148,56,181379,122.620314369359,0,0,181379,123.654033818689,0,0
148,58,127378,136.005181428504,0,0,127378,154.085218797595,0,0
148,149,45176,126.472175491411,0,0,45176,193.795975739331,0,0
148,151,89495,156.675791943684,0,0,89495,167.00166489748,0,0
152,1,172195,127.442840965185,0,0,172195,124.471790702401,0,0
152,2,109771,139.437119093385,0,0,109771,182.012161682047,0,0
152,3,128136,138.457428045202,0,0,128136,158.450661796841,0,0
152,4,163659,141.981919723327,0,0,163659,143.937198687515,0,0
152,5,167028,123.60367722777,0,0,167028,140.039203007879,0,0
152,6,145025,131.645405964489,0,0,145025,141.884716428202,0,0
152,7,116699,132.556697143934,0,0,116699,212.642439095451,0,0
152,8,106114,133.956292289425,0,0,106114,199.801553046723,0,0
152,9,154855,139.761699654516,0,0,154855,141.766245842885,0,0
152,10,134803,164.172503579297,0,0,134803,204.362054256953,0,0
152,11,113231,143.323798253129,0,0,113231,151.964629827521,0,0
152,12,148373,211.762888126546,0,0,148373,215.626542565022,0,0
152,13,138389,142.654748571057,0,0,138389,148.275563809262,0,0
152,14,197930,120.966796342141,0,0,197930,121.833324912848,0,0
152,15,147138,158.119092280716,0,0,147138,183.596446873004,0,0
152,16,135959,186.909788980501,0,0,135959,177.890974484955,0,0
152,17,92562,171.405998141786,0,0,92562,188.749540848296,0,0
152,18,132127,123.237362537559,0,0,132127,126.532835832192,0,0
152,19,110348,171.583753217095,0,0,110348,193.990856200384,0,0
152,20,156102,183.852724500647,0,0,156102,201.559275345607,0,0
152,21,118897,151.518280528525,0,0,118897,169.192452290638,0,0
152,22,126791,185.478661734666,0,0,126791,145.890457524588,0,0
152,23,109561,182.111444765929,0,0,109561,185.326585189985,0,0
152,24,175091,131.33835548372,0,0,175091,164.690395280169,0,0
152,25,165132,122.229701087615,0,0,165132,129.431479059177,0,0
152,26,150882,171.444996752429,0,0,150882,168.422422820482,0,0
152,27,96420,187.997728686994,0,0,96420,174.20109935698,0,0
152,28,143212,143.240580398291,0,0,143212,148.999727676452,0,0
152,29,130351,195.339544767589,0,0,130351,158.327017053954,0,0
152,30,115609,159.84653443936,0,0,115609,200.352083315313,0,0
152,31,136962,201.392094157504,0,0,136962,209.44606533199,0,0
152,32,96270,172.285945777501,0,0,96270,194.42923028981,0,0
152,33,177201,122.334862670075,0,0,177201,170.30979509145,0,0
152,34,138833,159.884602363991,0,0,138833,180.331203676359,0,0
152,35,145875,122.221381319623,0,0,145875,157.269772065124,0,0
152,36,166096,129.248386475291,0,0,166096,164.603379973028,0,0
152,37,109850,143.780746472462,0,0,109850,185.849522075558,0,0
152,38,126023,120.019710687732,0,0,126023,122.61719686089,0,0
152,39,138133,154.219361050582,0,0,138133,135.558034647767,0,0
152,40,46545,167.107530346976,0,0,46545,183.253797400365,0,0
152,41,115098,126.565431197762,0,0,115098,181.869441693166,0,0
152,42,174087,128.674323757661,0,0,174087,175.561632976615,0,0
152,43,106236,176.296321397643,0,0,106236,177.856941149893,0,0
152,44,150515,127.372813340863,0,0,150515,135.217592930937,0,0
152,45,129894,128.736354258087,0,0,129894,153.440143501624,0,0
152,46,111057,125.165761725961,0,0,111057,144.903626065894,0,0
152,48,121607,150.649008691934,0,0,121607,153.966391737318,0,0
152,49,170238,162.658765962946,0,0,170238,144.275614140204,0,0
152,50,92162,165.57977257438,0,0,92162,180.846563659643,0,0
152,51,88095,128.007423803848,0,0,88095,191.180895624042,0,0
152,52,98843,119.198516839837,0,0,98843,124.303673502423,0,0
152,53,137388,124.848305528867,0,0,137388,171.001040847818,0,0
152,54,113691,121.167585824735,0,0,113691,121.796360309963,0,0
152,55,106658,135.760224268222,0,0,106658,163.228140411408,0,0
152,56,93865,122.360517764875,0,0,93865,160.133755926064,0,0
152,165,139806,120.461310673362,0,0,139806,126.757084817533,0,0
152,166,44548,158.103730807219,0,0,44548,171.611363024154,0,0
152,167,33484,163.841775176204,0,0,33484,177.258899773026,0,0
152,168,99245,173.825724217845,0,0,99245,215.455216887501,0,0
152,170,66020,133.202408361103,0,0,66020,226.05699787943,0,0
156,1,228296,125.154172653047,0,0,228296,134.988712022988,0,0
156,2,156689,166.794274007748,0,0,156689,150.34373823306,0,0
156,3,124132,132.964086617472,0,0,124132,140.427657654755,0,0
156,4,150109,137.188183253502,0,0,150109,167.480770640002,0,0
156,5,123726,142.837479592002,0,0,123726,183.250020205939,0,0
156,6,114027,156.605374165768,0,0,114027,210.550702903698,0,0
156,7,154971,126.699963218925,0,0,154971,134.748443257126,0,0
156,9,153728,131.978227778934,0,0,153728,149.837524718984,0,0
156,10,136103,148.496476932911,0,0,136103,154.219355928966,0,0
156,11,141578,151.691894220854,0,0,141578,183.874599160887,0,0
156,12,148467,132.324913953943,0,0,148467,167.445762357965,0,0
156,13,294747,119.199245454576,0,0,294747,121.235764910245,0,0
156,14,184451,183.816504112203,0,0,184451,200.067746989715,0,0
156,16,138006,160.097836325957,0,0,138006,214.179245829891,0,0
156,17,149009,131.326564167265,0,0,149009,168.014804474897,0,0
156,18,134936,225.247117151835,0,0,134936,216.754172348373,0,0
156,19,119745,150.414981836402,0,0,119745,211.59249237964,0,0
156,20,167950,133.950872283418,0,0,167950,149.415462935397,0,0
156,21,97312,133.335241285761,0,0,97312,160.864888194673,0,0
156,22,167869,134.131948126217,0,0,167869,154.833227099703,0,0
156,23,145000,141.574537931034,0,0,145000,201.936855172414,0,0
156,24,130810,139.720181943277,0,0,130810,208.843459980124,0,0
156,25,83646,151.390873442842,0,0,83646,185.053666642756,0,0
156,26,119141,154.943529095777,0,0,119141,219.825064419469,0,0
156,27,85641,165.80344694714,0,0,85641,181.69337116568,0,0
156,28,132918,147.479942520953,0,0,132918,225.055515430566,0,0
156,29,177787,147.049086828621,0,0,177787,165.487217850574,0,0
156,30,129205,160.050547579428,0,0,129205,175.672899655586,0,0
156,31,107623,185.972059875677,0,0,107623,203.245709560224,0,0
156,33,158167,134.958417368983,0,0,158167,145.026914590275,0,0
156,34,125932,119.512236762697,0,0,125932,121.124773687387,0,0
156,35,116446,137.384658983563,0,0,116446,191.981957302097,0,0
156,36,119577,120.315344924191,0,0,119577,135.34508308454,0,0
156,37,102684,152.175616454365,0,0,102684,158.004168127459,0,0
156,38,95783,193.015065303864,0,0,95783,182.239384859526,0,0
156,39,192460,141.862314247116,0,0,192460,170.570066507326,0,0
156,40,106945,155.933283463463,0,0,106945,197.305549581561,0,0
156,41,121849,135.271770798283,0,0,121849,243.979064251656,0,0
156,42,101602,122.552105273518,0,0,101602,156.319157103207,0,0
156,43,77209,147.819269774249,0,0,77209,193.488569985364,0,0
156,44,145721,124.618936186274,0,0,145721,154.932185477728,0,0
156,45,138161,122.735453565044,0,0,138161,123.554201257953,0,0
156,46,133776,132.300278076785,0,0,133776,191.209379858869,0,0
156,47,92939,126.902495185014,0,0,92939,179.616511905659,0,0
156,48,118583,194.026614270174,0,0,118583,208.983378730509,0,0
156,49,66580,166.695839591469,0,0,66580,160.955452087714,0,0
156,51,113002,129.436930319817,0,0,113002,163.694633723297,0,0
156,52,115987,129.208997560071,0,0,115987,177.876443049652,0,0
156,53,47944,142.728975471383,0,0,47944,185.68317203404,0,0
156,54,103088,153.854066428682,0,0,103088,146.859285270837,0,0
156,55,169163,132.807517010221,0,0,169163,141.860465941134,0,0
156,56,67650,181.906075388027,0,0,67650,198.849682187731,0,0
156,57,127846,131.730589928508,0,0,127846,158.661319087027,0,0
156,58,88451,120.767848865474,0,0,88451,128.327718171643,0,0
156,59,83160,137.292207792208,0,0,83160,172.504665704666,0,0
156,60,152668,129.439273456127,0,0,152668,133.572025571829,0,0
156,62,81548,122.034593123069,0,0,81548,122.720226124491,0,0
156,189,76754,147.961057404174,0,0,76754,194.356619850431,0,0
156,190,65943,187.459336093293,0,0,65943,198.945407397298,0,0
156,191,96529,205.450548539817,0,0,96529,146.708864693512,0,0
156,192,74861,195.437250370687,0,0,74861,215.893429155368,0,0
156,206,105002,189.072065293994,0,0,105002,214.205548465744,0,0
156,207,93908,142.463208672318,0,0,93908,186.463996677599,0,0
160,1,270671,124.054054553314,0,0,270671,127.372433692564,0,0
160,2,142927,118.914774675184,0,0,142927,131.49008934631,0,0
160,5,130556,126.998598302644,0,0,130556,152.602806458531,0,0
160,6,146409,135.899487053392,0,0,146409,134.169866606561,0,0
160,7,120802,175.20272015364,0,0,120802,237.50371682588,0,0
160,8,160748,121.423221439769,0,0,160748,132.524560181153,0,0
160,9,139480,143.418210496128,0,0,139480,165.678118726699,0,0
160,10,144373,130.070123915136,0,0,144373,122.787072375029,0,0
160,11,141953,127.778483019027,0,0,141953,139.981486830148,0,0
160,12,152932,123.703927235634,0,0,152932,144.606517929537,0,0
160,13,153783,127.16688450609,0,0,153783,209.908331870233,0,0
160,14,126497,151.634781852534,0,0,126497,198.724736555017,0,0
160,16,110296,118.644656197868,0,0,110296,121.965021396968,0,0
160,17,160861,194.827465948863,0,0,160861,209.316844977962,0,0
160,18,133059,152.025146739416,0,0,133059,194.97187713721,0,0
160,20,116659,176.282009960655,0,0,116659,198.030807738794,0,0
160,21,147121,123.178261431067,0,0,147121,163.889172857716,0,0
160,22,98503,122.888429794016,0,0,98503,182.155335370496,0,0
160,23,100445,142.732201702424,0,0,100445,189.551913982777,0,0
160,24,153912,119.322229585737,0,0,153912,124.393750974583,0,0
160,25,178250,205.702575035063,0,0,178250,192.6095371669,0,0
160,26,131183,166.738998193363,0,0,131183,182.463764359711,0,0
160,27,136325,119.363212910325,0,0,136325,140.205420869246,0,0
160,28,115934,120.560750081943,0,0,115934,165.243802508324,0,0
160,29,140950,123.340354735722,0,0,140950,144.215367151472,0,0
160,30,101970,164.690967931745,0,0,101970,203.329861724036,0,0
160,31,118142,144.583111848454,0,0,118142,171.624858221462,0,0
160,32,100796,125.365212905274,0,0,100796,168.912050081352,0,0
160,33,76466,201.140833834645,0,0,76466,179.366123505872,0,0
160,34,105183,143.139746917278,0,0,105183,196.635425876805,0,0
160,35,53086,135.483554986249,0,0,53086,156.556003466074,0,0
160,36,127549,121.998447655411,0,0,127549,144.855906357557,0,0
160,37,127702,129.663654445506,0,0,127702,132.078589215517,0,0
160,38,109201,119.553602988984,0,0,109201,130.888764754902,0,0
160,39,137823,142.074327216793,0,0,137823,159.667443024749,0,0
160,40,165121,120.3205406944,0,0,165121,173.354273532743,0,0
160,41,140085,120.406767319842,0,0,140085,133.857864867759,0,0
160,42,160226,119.030269743987,0,0,160226,165.480533746084,0,0
160,43,153965,128.731458448349,0,0,153965,178.69505407073,0,0
160,45,111314,118.683184505094,0,0,111314,174.193659377976,0,0
160,46,141826,166.040923384993,0,0,141826,183.83864735662,0,0
160,47,94228,208.259678651781,0,0,94228,209.948805026107,0,0
160,48,60252,191.596810064396,0,0,60252,159.92040098254,0,0
160,49,120005,121.774059414191,0,0,120005,138.425157285113,0,0
160,50,114592,121.709011100251,0,0,114592,146.831550195476,0,0
160,51,143475,130.609611430563,0,0,143475,155.810238717547,0,0
160,52,94178,121.393658816284,0,0,94178,149.511180955212,0,0
160,53,121708,121.677071351103,0,0,121708,159.104496006836,0,0
160,54,112251,172.260941996062,0,0,112251,195.008935332425,0,0
160,55,128375,119.891162609542,0,0,128375,140.604159688413,0,0
160,56,79410,174.883730008815,0,0,79410,161.210590605717,0,0
160,57,100438,123.176964893765,0,0,100438,163.870985085326,0,0
160,58,154597,119.160022510139,0,0,154597,141.622780519674,0,0
160,60,109771,118.120068141859,0,0,109771,123.060371136275,0,0
160,61,57494,182.468796744008,0,0,57494,203.816224301666,0,0
160,232,73285,159.370730708876,0,0,73285,207.760114621,0,0
160,233,47745,184.418096135721,0,0,47745,174.440611582365,0,0
160,234,86842,160.823633725617,0,0,86842,191.341931323553,0,0
160,235,74719,185.57083205075,0,0,74719,188.977194555602,0,0
160,236,71399,120.368772671886,0,0,71399,137.927982184624,0,0
160,237,79912,143.710581639804,0,0,79912,176.808614475924,0,0
160,240,61975,169.304945542557,0,0,61975,184.726163775716,0,0
160,241,68572,147.665154873709,0,0,68572,186.655223706469,0,0
160,243,75301,154.841516048924,0,0,75301,139.620310487245,0,0
160,244,92979,120.463857430172,0,0,92979,134.29532475075,0,0
164,1,142276,126.809658691557,0,0,142276,124.500070285923,0,0
164,3,160590,135.183417398344,0,0,160590,169.552226166013,0,0
164,4,145351,141.110800751285,0,0,145351,142.835130133264,0,0
164,6,161920,129.635634881423,0,0,161920,194.320195158103,0,0
164,7,132843,126.775772904858,0,0,132843,131.564079402001,0,0
164,8,148902,139.223012451142,0,0,148902,159.644094773744,0,0
164,9,122880,140.532405598958,0,0,122880,205.244148763021,0,0
164,10,152062,197.774177638069,0,0,152062,207.403966803015,0,0
164,11,123768,179.62773899554,0,0,123768,205.492380906212,0,0
164,12,140966,201.913610374133,0,0,140966,238.070031071322,0,0
164,13,139020,156.559768378651,0,0,139020,174.701345130197,0,0
164,14,98300,170.039175991862,0,0,98300,168.06513733469,0,0
164,17,121287,189.803911383743,0,0,121287,196.468285966344,0,0
164,18,128235,171.676562560923,0,0,128235,190.880196514212,0,0
164,19,115245,166.852817909671,0,0,115245,222.741628704065,0,0
164,20,145689,142.485300880643,0,0,145689,156.18977410786,0,0
164,21,156616,129.752087909281,0,0,156616,156.981553608827,0,0
164,22,166496,141.474942340957,0,0,166496,167.246041946954,0,0
164,23,84140,143.111409555503,0,0,84140,166.718457333016,0,0
164,24,130835,154.466465395345,0,0,130835,159.328597087935,0,0
164,25,137548,140.588870794195,0,0,137548,161.011755896124,0,0
164,26,74923,123.449568223376,0,0,74923,146.537818827329,0,0
164,27,132510,161.107388121651,0,0,132510,173.423930269414,0,0
164,28,153234,131.914568568333,0,0,153234,136.993212994505,0,0
164,29,160422,145.953254541148,0,0,160422,148.403959556669,0,0
164,31,107385,130.162788098896,0,0,107385,226.263398053732,0,0
164,32,85038,160.319304311014,0,0,85038,187.449257978786,0,0
164,33,116817,126.032272700035,0,0,116817,141.472345634625,0,0
164,34,88516,123.685763025894,0,0,88516,126.240487595463,0,0
164,35,154426,130.558636499035,0,0,154426,152.841127789362,0,0
164,36,58099,126.201294342416,0,0,58099,130.670786072049,0,0
164,37,107973,157.502699749011,0,0,107973,202.447926796514,0,0
164,38,71274,122.07259309145,0,0,71274,129.161166764879,0,0
164,39,139254,128.250441639019,0,0,139254,199.488682551309,0,0
164,40,84571,183.824053162432,0,0,84571,203.673978077592,0,0
164,41,118566,203.995698598249,0,0,118566,206.066722331866,0,0
164,42,138254,137.042031333632,0,0,138254,204.694128198822,0,0
164,43,150463,124.733010773413,0,0,150463,164.752164984082,0,0
164,44,123846,131.242995332913,0,0,123846,262.08569513751,0,0
164,45,127953,138.455268731487,0,0,127953,158.305573140137,0,0
164,46,159627,143.802752667155,0,0,159627,152.165178823131,0,0
164,47,93496,128.113523573201,0,0,93496,125.216971849063,0,0
164,48,109414,137.046100133438,0,0,109414,144.6306596962,0,0
164,49,76024,125.807297695465,0,0,76024,141.837827528149,0,0
164,50,178433,124.165132010334,0,0,178433,132.013181418235,0,0
164,51,159861,140.504538317663,0,0,159861,150.422517061697,0,0
164,52,66653,122.614661005506,0,0,66653,210.783535624803,0,0
164,53,91848,145.656617454926,0,0,91848,193.485236477659,0,0
164,54,94581,203.884353094173,0,0,94581,218.334750108373,0,0
164,55,64006,139.059010092804,0,0,64006,136.621504233978,0,0
164,56,135385,136.791387524467,0,0,135385,139.686213391439,0,0
164,57,138258,119.776446932546,0,0,138258,123.071446136932,0,0
164,58,118662,119.458377576646,0,0,118662,122.676745714719,0,0
164,59,67791,181.745084155714,0,0,67791,199.481642105884,0,0
164,60,49780,201.077922860587,0,0,49780,187.134210526316,0,0
164,61,93462,122.872482934241,0,0,93462,137.797104705656,0,0
164,62,65709,161.468900759409,0,0,65709,215.391042322969,0,0
164,64,45087,207.45935635549,0,0,45087,245.288841572959,0,0
164,92,143538,140.482199835584,0,0,143538,145.643683205841,0,0
164,93,154502,145.191615642516,0,0,154502,254.826131700561,0,0
164,94,92420,245.484375676261,0,0,92420,236.989039169011,0,0
164,95,142265,165.492854883492,0,0,142265,200.825902365304,0,0
164,96,116167,183.768677851713,0,0,116167,134.907546893696,0,0
164,97,96962,207.38067490357,0,0,96962,228.892359893567,0,0
164,98,86470,202.11595929224,0,0,86470,143.320145715277,0,0
164,99,88683,172.759683366598,0,0,88683,203.379024164722,0,0
164,100,67140,161.088620792374,0,0,67140,146.994399761692,0,0
168,1,172458,130.414361757645,0,0,172458,124.837531456934,0,0
168,3,124848,126.656870754838,0,0,124848,132.724504998078,0,0
168,5,142679,142.784383125758,0,0,142679,149.483757245285,0,0
168,6,135897,130.870181093034,0,0,135897,216.70797736521,0,0
168,8,139106,124.56996822567,0,0,139106,173.980144637902,0,0
168,9,129072,190.468343250279,0,0,129072,169.051970992934,0,0
168,10,101293,179.076293524725,0,0,101293,219.255160771228,0,0
168,12,136202,162.866830149337,0,0,136202,250.954295825318,0,0
168,13,143559,123.504113291399,0,0,143559,170.104883706351,0,0
168,14,126818,169.623137094103,0,0,126818,187.970335441341,0,0
168,16,108217,175.389541384441,0,0,108217,146.825905356829,0,0
168,17,150931,143.610769159417,0,0,150931,152.273926496214,0,0
168,18,106337,195.722363805637,0,0,106337,166.83674544138,0,0
168,19,122853,135.531163260156,0,0,122853,138.578016002865,0,0
168,20,105899,123.013881150908,0,0,105899,136.952690771395,0,0
168,21,171856,127.892322642212,0,0,171856,161.071827576576,0,0
168,23,107558,132.549266442292,0,0,107558,164.16005318061,0,0
168,24,137200,138.811428571429,0,0,137200,140.838760932945,0,0
168,25,118894,211.190169394587,0,0,118894,269.258499167326,0,0
168,26,162968,137.571701192872,0,0,162968,145.163449266114,0,0
168,27,136967,146.786795359466,0,0,136967,205.7558097936,0,0
168,28,116762,126.400455627687,0,0,116762,157.454300200408,0,0
168,29,89036,119.472202255268,0,0,89036,129.141774113842,0,0
168,30,111611,159.320299970433,0,0,111611,207.728521382301,0,0
168,31,84727,127.102222432046,0,0,84727,193.932276606041,0,0
168,32,164539,146.5639149381,0,0,164539,174.902789004431,0,0
168,33,128538,192.482970016649,0,0,128538,199.417487435622,0,0
168,34,136417,135.044136727827,0,0,136417,251.789622994202,0,0
168,35,156942,122.134100495725,0,0,156942,161.686826980668,0,0
168,36,110170,168.207551965145,0,0,110170,201.341481347009,0,0
168,37,73889,119.507166154637,0,0,73889,204.306121344178,0,0
168,38,98075,120.710802956921,0,0,98075,146.332541422381,0,0
168,39,106078,121.016252191783,0,0,106078,210.042657289919,0,0
168,40,152072,158.297622178968,0,0,152072,158.898692724499,0,0
168,41,162327,134.339807918584,0,0,162327,146.574944402348,0,0
168,43,113644,124.852627503432,0,0,113644,138.418059906374,0,0
168,44,153372,121.497333281173,0,0,153372,200.694996479149,0,0
168,45,139289,121.20545053809,0,0,139289,176.251477144642,0,0
168,46,109891,187.545704379795,0,0,109891,203.044544139192,0,0
168,47,121861,140.799345155546,0,0,121861,232.515628461936,0,0
168,48,84602,121.297451596889,0,0,84602,132.851776553746,0,0
168,49,79556,121.088302579315,0,0,79556,137.66022675851,0,0
168,50,143479,126.928567943741,0,0,143479,134.992688825542,0,0
168,51,92803,131.96604635626,0,0,92803,126.890919474586,0,0
168,52,86116,125.903014538529,0,0,86116,150.322309443077,0,0
168,53,156735,119.299090822088,0,0,156735,125.297112961368,0,0
168,54,105990,121.205094820266,0,0,105990,129.813614491933,0,0
168,55,90261,144.012375222965,0,0,90261,160.577292518363,0,0
168,56,60289,195.108941929705,0,0,60289,184.665876030453,0,0
168,57,118207,170.255551701676,0,0,118207,159.044565888653,0,0
168,58,76941,131.903965376067,0,0,76941,127.626843945361,0,0
168,59,103857,119.507572912755,0,0,103857,124.38222748587,0,0
168,60,137619,122.583560409536,0,0,137619,138.069983069198,0,0
168,61,71436,234.623859118652,0,0,71436,246.714233719693,0,0
168,128,146903,130.96352695316,0,0,146903,138.873875958966,0,0
168,130,82372,203.562327004322,0,0,82372,210.863934346623,0,0
168,131,73877,226.109465733584,0,0,73877,233.852971831558,0,0
168,132,90292,237.741472112701,0,0,90292,237.933382802463,0,0
168,133,135206,187.421882164993,0,0,135206,152.380848483055,0,0
168,134,65509,163.746401257842,0,0,65509,190.85086018715,0,0
168,135,88604,121.67106451176,0,0,88604,264.464606564038,0,0
168,136,107729,126.633404190144,0,0,107729,209.902811684876,0,0
168,138,62178,166.763195985718,0,0,62178,209.906655087008,0,0
168,139,78209,190.524402562365,0,0,78209,255.936784769016,0,0
168,140,60854,157.321770138364,0,0,60854,163.706313471588,0,0
168,272,121124,162.588727254714,0,0,121124,202.125871008223,0,0
168,273,121270,185.183120310052,0,0,121270,140.196454193123,0,0
172,1,331502,124.459200849467,0,0,331502,124.357071752207,0,0
172,3,138121,137.673539867218,0,0,138121,170.924233099963,0,0
172,4,139674,146.767429872417,0,0,139674,167.6357017054,0,0
172,6,147209,161.951898321434,0,0,147209,184.858425775598,0,0
172,8,94076,160.127588332837,0,0,94076,242.717303031591,0,0
172,9,135746,132.303729023323,0,0,135746,138.133712963918,0,0
172,10,115017,198.082326960362,0,0,115017,278.907970126155,0,0
172,11,135420,154.28806675528,0,0,135420,241.183584404076,0,0
172,12,146639,219.22431276809,0,0,146639,210.265693301236,0,0
172,13,119521,132.48358865806,0,0,119521,211.423147396692,0,0
172,14,133243,194.964268291768,0,0,133243,211.493616925467,0,0
172,15,210307,139.231704127775,0,0,210307,165.723832302301,0,0
172,16,182504,132.575965458291,0,0,182504,145.24345767764,0,0
172,17,106790,135.881515123139,0,0,106790,150.601217342448,0,0
172,18,134154,135.782779492225,0,0,134154,164.808130953978,0,0
172,19,146965,154.375341067601,0,0,146965,260.791487769197,0,0
172,20,120399,127.245242900689,0,0,120399,142.79650993779,0,0
172,21,93511,118.785640192063,0,0,93511,119.833495524591,0,0
172,22,103915,183.237819371602,0,0,103915,287.145561276043,0,0
172,23,124871,166.132264496961,0,0,124871,208.051188826869,0,0
172,24,101374,120.724870282321,0,0,101374,146.154605717442,0,0
172,25,121786,181.445675200762,0,0,121786,220.971121475375,0,0
172,27,150795,137.483238834179,0,0,150795,162.58185616234,0,0
172,28,149744,132.090841703173,0,0,149744,166.153468586387,0,0
172,29,123000,145.193081300813,0,0,123000,202.418910569106,0,0
172,30,84598,123.177722877609,0,0,84598,141.347419560746,0,0
172,31,97587,118.383124801459,0,0,97587,130.604158340763,0,0
172,32,102062,160.131292743626,0,0,102062,146.072436362211,0,0
172,33,171768,119.222334777141,0,0,171768,136.253626985236,0,0
172,34,112228,140.003172113911,0,0,112228,221.474908222547,0,0
172,35,86580,134.24933009933,0,0,86580,130.213247863248,0,0
172,36,102506,122.692515560065,0,0,102506,139.961514447935,0,0
172,37,151265,131.383267775097,0,0,151265,163.274888440816,0,0
172,38,138213,162.717834067707,0,0,138213,244.87859318588,0,0
172,39,73074,129.383953252867,0,0,73074,192.871787503079,0,0
172,40,91701,172.549710472078,0,0,91701,230.820078297947,0,0
172,41,101432,175.013112232826,0,0,101432,214.112715908195,0,0
172,43,140768,132.573766765174,0,0,140768,163.332362468743,0,0
172,44,139798,125.948089386114,0,0,139798,131.932667134008,0,0
172,45,87059,124.43365993177,0,0,87059,131.81711253288,0,0
172,46,99838,130.522436346882,0,0,99838,157.530870009415,0,0
172,47,147800,141.954912043302,0,0,147800,156.376177266576,0,0
172,48,66131,121.752158594305,0,0,66131,145.403487018191,0,0
172,49,47459,126.683221306812,0,0,47459,132.682252049137,0,0
172,50,110917,203.768150959727,0,0,110917,236.671231641678,0,0
172,51,85832,121.133633143816,0,0,85832,132.5640786653,0,0
172,52,78881,121.16597152673,0,0,78881,152.677970613963,0,0
172,53,51266,132.905492919284,0,0,51266,138.376526352748,0,0
172,54,80185,118.275163683981,0,0,80185,126.550651618133,0,0
172,55,79058,129.419666573908,0,0,79058,143.618773558653,0,0
172,56,190347,121.868592622947,0,0,190347,128.352219893143,0,0
172,57,89528,123.269435260477,0,0,89528,162.19936779555,0,0
172,58,126605,134.853868330635,0,0,126605,160.382970656767,0,0
172,59,144806,136.332002817563,0,0,144806,204.159862160408,0,0
172,60,60445,123.772603192985,0,0,60445,143.133840681611,0,0
172,61,58597,142.828694301756,0,0,58597,195.684830281414,0,0
172,62,86180,131.193942910188,0,0,86180,159.455244836389,0,0
172,63,58804,199.828191959731,0,0,58804,186.620536017958,0,0
172,64,170319,152.483381184718,0,0,170319,170.740111203095,0,0
172,65,93968,129.297569385323,0,0,93968,194.776115273285,0,0
172,66,106992,130.426873037236,0,0,106992,141.954893823837,0,0
172,67,99852,136.092516925049,0,0,99852,272.784060409406,0,0
172,68,79783,121.079641026284,0,0,79783,129.370367120815,0,0
172,174,124518,218.612987680496,0,0,124518,153.395340432709,0,0
172,175,96760,268.826849937991,0,0,96760,248.741876808599,0,0
172,176,69694,163.182971274428,0,0,69694,226.942075357994,0,0
172,177,82881,126.084687684753,0,0,82881,206.525464219785,0,0
172,178,69820,143.659710684618,0,0,69820,168.068905757663,0,0
172,281,120457,146.776027960185,0,0,120457,210.227076882207,0,0
172,282,124365,185.080705986411,0,0,124365,136.514622281188,0,0
176,1,122251,122.278361731192,0,0,122251,124.055852303867,0,0
176,3,144493,123.342750167828,0,0,144493,135.593122158167,0,0
176,5,121497,120.186481970748,0,0,121497,130.67340757385,0,0
176,6,130791,197.06482097392,0,0,130791,282.092781613414,0,0
176,7,108496,118.975575136411,0,0,108496,208.627977068279,0,0
176,8,114853,184.742784254656,0,0,114853,276.317466674793,0,0
176,9,200342,136.56589731559,0,0,200342,144.099549769893,0,0
176,10,199000,146.096874371859,0,0,199000,167.964849246231,0,0
176,12,138692,122.884088483835,0,0,138692,214.150715253944,0,0
176,14,156633,140.531273741804,0,0,156633,134.186454961598,0,0
176,16,97271,119.651355491359,0,0,97271,131.497013498371,0,0
176,17,112052,142.080766072895,0,0,112052,135.934334059187,0,0
176,18,114364,168.96060823336,0,0,114364,155.130696722745,0,0
176,19,96349,130.522859604147,0,0,96349,126.991759125679,0,0
176,20,122999,119.041016593631,0,0,122999,140.961471231473,0,0
176,21,109534,143.423503204484,0,0,109534,157.791388975113,0,0
176,22,107551,185.836328811448,0,0,107551,145.993007968313,0,0
176,23,128127,163.964285435544,0,0,128127,140.934635166671,0,0
176,25,137929,121.755910649682,0,0,137929,165.877262939628,0,0
176,26,237017,120.522397127632,0,0,237017,135.547247665779,0,0
176,27,149076,136.102866994016,0,0,149076,213.701179264268,0,0
176,28,91155,120.120958806429,0,0,91155,133.602885195546,0,0
176,29,171498,124.913643307794,0,0,171498,178.255472367025,0,0
176,30,92115,119.838723334962,0,0,92115,139.922987569885,0,0
176,31,114863,120.607819750485,0,0,114863,149.89226295674,0,0
176,32,80296,120.81148500548,0,0,80296,181.607427518183,0,0
176,33,157734,132.001191880001,0,0,157734,144.970139602115,0,0
176,34,88652,194.291273744529,0,0,88652,195.057821594549,0,0
176,35,185315,120.658856541564,0,0,185315,134.504729784421,0,0
176,36,171291,121.977599523618,0,0,171291,130.358133235255,0,0
176,37,123296,206.344707046457,0,0,123296,204.32982416299,0,0
176,38,115637,180.483910858981,0,0,115637,201.393636984702,0,0
176,39,92782,133.225280765666,0,0,92782,227.30884223233,0,0
176,40,115983,119.550546200736,0,0,115983,236.552046420596,0,0
176,41,121054,184.977266343946,0,0,121054,214.106927486907,0,0
176,42,125984,135.85952978156,0,0,125984,197.338844615189,0,0
176,43,89239,123.582816929818,0,0,89239,164.546128934659,0,0
176,44,128673,122.732826622524,0,0,128673,138.474435196195,0,0
176,45,95179,161.357610397252,0,0,95179,226.109719581,0,0
176,46,150722,162.461140377649,0,0,150722,221.313975398416,0,0
176,47,117302,154.418790813456,0,0,117302,166.878015720107,0,0
176,48,134882,202.17274358328,0,0,134882,166.933356563515,0,0
176,49,125156,120.123821470804,0,0,125156,199.855076864074,0,0
176,50,65627,121.017553750743,0,0,65627,120.97124659058,0,0
176,51,57474,128.037060235933,0,0,57474,176.361798378397,0,0
176,52,78874,120.380746507087,0,0,78874,140.153675482415,0,0
176,53,78259,123.462362156429,0,0,78259,123.628068337188,0,0
176,54,139385,126.813681529576,0,0,139385,156.186268249812,0,0
176,55,141162,125.150238732803,0,0,141162,134.194627449314,0,0
176,56,82112,200.480904130943,0,0,82112,160.246577844895,0,0
176,57,81037,122.356688919876,0,0,81037,129.899070794822,0,0
176,58,84203,120.709416529102,0,0,84203,133.158141633909,0,0
176,59,149221,129.494199878033,0,0,149221,156.658412689903,0,0
176,60,58359,122.728388080673,0,0,58359,131.092770609503,0,0
176,61,80697,121.085071316158,0,0,80697,126.756868285066,0,0
176,62,67485,119.004430614211,0,0,67485,146.818137363859,0,0
176,64,108623,137.009500750301,0,0,108623,149.172817911492,0,0
176,65,105908,123.978452996941,0,0,105908,125.68188427692,0,0
176,68,84368,127.389709368481,0,0,84368,133.32387872179,0,0
176,193,124954,160.559165773004,0,0,124954,179.059733982105,0,0
176,194,126029,120.207325298146,0,0,126029,196.111664775568,0,0
176,195,68004,230.110464090348,0,0,68004,173.923578024822,0,0
176,196,91593,163.38123000666,0,0,91593,188.927767405806,0,0
176,197,87951,175.528294163796,0,0,87951,197.273447715205,0,0
176,198,177815,188.9435424458,0,0,177815,192.891100300875,0,0
176,199,121323,132.15972239394,0,0,121323,124.462855353066,0,0
176,200,92726,172.772480210513,0,0,92726,207.379839527209,0,0
176,201,156198,173.332577881919,0,0,156198,197.557241449955,0,0
176,202,104075,143.799279365842,0,0,104075,228.322661542157,0,0
176,291,32563,124.974910174124,0,0,32563,153.137210944937,0,0
176,292,86786,130.578618671214,0,0,86786,178.771610628442,0,0
176,293,124736,158.722509940995,0,0,124736,164.686554002052,0,0
180,1,262697,125.910006585534,0,0,262697,125.811813610357,0,0
180,3,160820,125.593309289889,0,0,160820,133.171017286407,0,0
180,5,136840,121.927850043847,0,0,136840,128.992692195265,0,0
180,6,195525,126.970167497762,0,0,195525,219.716757447897,0,0
180,8,160288,123.994522359752,0,0,160288,156.254635406269,0,0
180,9,158368,189.940846635684,0,0,158368,239.821548545161,0,0
180,10,175809,220.965746918531,0,0,175809,204.725196093488,0,0
180,11,115177,120.255814963057,0,0,115177,221.685327799821,0,0
180,12,95463,121.14991148403,0,0,95463,147.371767072059,0,0
180,14,158645,149.488020422957,0,0,158645,202.093327870402,0,0
180,15,116159,152.336547318761,0,0,116159,142.412400244492,0,0
180,16,128496,123.120595193625,0,0,128496,138.83034491346,0,0
180,18,155678,155.844184791685,0,0,155678,223.56454990429,0,0
180,19,129320,140.794177234766,0,0,129320,240.775100525827,0,0
180,21,207372,139.168296587775,0,0,207372,141.248890882086,0,0
180,22,93863,119.896061280803,0,0,93863,191.846275955382,0,0
180,23,209990,120.014734034954,0,0,209990,132.145525977427,0,0
180,24,135519,194.305566009194,0,0,135519,177.307587865908,0,0
180,25,63064,130.875618419383,0,0,63064,134.392014461499,0,0
180,26,96622,163.695245389249,0,0,96622,169.958280722817,0,0
180,27,95544,126.214037511513,0,0,95544,135.45688897262,0,0
180,28,71680,119.380636160714,0,0,71680,130.283161272321,0,0
180,29,97696,120.431030953161,0,0,97696,132.401060432362,0,0
180,30,113721,188.972801857177,0,0,113721,221.40027787304,0,0
180,31,171799,121.583402697338,0,0,171799,178.031100297441,0,0
180,32,78995,121.544097727704,0,0,78995,129.909728463827,0,0
180,33,102192,203.789318146235,0,0,102192,207.879550258337,0,0
180,34,87443,119.307937742301,0,0,87443,144.117733838043,0,0
180,35,97327,192.77723550505,0,0,97327,253.374233254904,0,0
180,37,114432,132.008869896532,0,0,114432,133.88761010906,0,0
180,38,110434,126.227764999909,0,0,110434,142.85921908108,0,0
180,39,153426,121.817977396269,0,0,153426,136.871664515793,0,0
180,40,122203,123.543734605533,0,0,122203,125.882646088885,0,0
180,41,78145,127.680875295924,0,0,78145,127.956081643099,0,0
180,42,97817,209.293527709907,0,0,97817,191.395084698979,0,0
180,43,160420,193.520340356564,0,0,160420,197.782340107219,0,0
180,44,86591,124.297571341132,0,0,86591,150.902033698652,0,0
180,45,128867,130.503635531207,0,0,128867,205.025328439399,0,0
180,47,76773,120.148151042684,0,0,76773,121.30832454118,0,0
180,48,159227,123.658870668919,0,0,159227,155.788270833464,0,0
180,49,85474,132.494992629338,0,0,85474,136.303215012752,0,0
180,50,96737,166.872530675956,0,0,96737,201.147213579086,0,0
180,51,80565,182.782908210761,0,0,80565,184.715136846025,0,0
180,52,107374,141.59938160076,0,0,107374,137.841768025779,0,0
180,53,102396,120.825354506035,0,0,102396,129.406724872065,0,0
180,54,78632,122.71328466782,0,0,78632,126.044651032658,0,0
180,56,91488,127.274341990206,0,0,91488,163.451294158797,0,0
180,57,87189,147.841447889069,0,0,87189,153.158575049605,0,0
180,58,49943,135.716196463969,0,0,49943,155.575175700298,0,0
180,59,86062,119.026039366968,0,0,86062,149.539924705445,0,0
180,60,87580,121.907147750628,0,0,87580,135.594313770267,0,0
180,61,150459,139.698755142597,0,0,150459,154.739630065333,0,0
180,63,93711,122.767391234754,0,0,93711,136.71724770838,0,0
180,64,86239,120.6716914621,0,0,86239,127.532624450655,0,0
180,67,91655,170.017216736676,0,0,91655,189.869412470678,0,0
180,241,88929,134.960923883098,0,0,88929,227.048859202285,0,0
180,243,69818,194.540634220402,0,0,69818,211.519149789453,0,0
180,244,63377,218.31505120154,0,0,63377,188.059816652729,0,0
180,246,79589,168.462011081933,0,0,79589,182.805638970209,0,0
180,247,116522,203.448361682772,0,0,116522,198.351015258921,0,0
180,248,131189,192.353787283995,0,0,131189,150.887322870058,0,0
180,249,90863,176.450403354501,0,0,90863,252.869693934825,0,0
180,250,74780,120.051604707141,0,0,74780,213.93343139877,0,0
180,251,61582,204.442093468871,0,0,61582,163.136241109415,0,0
180,252,55065,165.733551257605,0,0,55065,220.778716062835,0,0
180,253,80598,120.845690960073,0,0,80598,273.75052730837,0,0
180,304,80381,130.114902775532,0,0,80381,160.557930356676,0,0
180,305,115269,163.264797994257,0,0,115269,157.555318429066,0,0
180,306,126507,195.368683155873,0,0,126507,208.613689361063,0,0
180,307,136332,150.470615849544,0,0,136332,128.339839509433,0,0
