 130_015,ICM
 130_022,ICM
 130_163,TE
 130_162,TE
 130_028,TE
130_158,TE
 130_161,ICM
 130_005,TE
 130_017,ICM
 130_020,ICM
 130_039,TE
 130_159,TE
 130_037,TE
 130_032,TE
 130_038,TE
 130_019,TE
 130_013,ICM
 130_021,ICM
 130_167,TE
 130_029,TE
 130_011,TE
 130_156,TE
 130_018,TE
 130_160,TE
 130_023,TE
 130_026,TE
 130_035,TE
 130_041,TE
 130_008,ICM
 130_014,ICM
 130_009,ICM
 130_171,ICM
 130_016,TE
 130_168,ICM
 130_169,TE
 130_164,TE
 130_004,TE
 130_001,TE
 130_002,TE
 130_003,TE
 130_155,TE
 130_012,TE
 130_043,TE
 130_025,TE
 130_010,ICM
 130_007,ICM
 130_006,ICM
 130_027,ICM
 130_030,TE
 130_036,TE
 130_166,TE
 130_033,TE
 130_165,TE
 130_024,TE
 130_154,TE
 130_157,TE
 130_034,TE
 130_040,TE
 130_044,TE
 130_031,TE
