124_012,ICM
124_042,ICM
124_034,ICM
124_054,ICM
124_030,ICM
124_203,ICM
124_205,ICM
124_005,ICM
124_017,ICM
124_026,ICM
124_021,ICM
124_007,ICM
124_035,ICM
124_011,ICM
124_009,ICM
124_006,TE
124_204,TE
124_029,TE
124_033,TE
124_004,TE
124_023,TE
124_206,TE
124_199,TE
124_201,TE
124_027,TE
124_010,TE
124_200,TE
124_015,TE
124_020,TE
124_032,TE
124_036,TE
124_049,TE
124_210,TE
124_047,TE
124_043,TE
124_008,TE
124_022,TE
124_202,TE
124_211,TE
124_053,TE
124_050,TE
124_014,TE
124_045,TE
124_024,TE
124_040,TE
124_025,TE
124_052,TE
124_019,TE
124_048,TE
124_038,TE
124_037,TE
124_041,TE
124_207,TE
124_046,TE
124_018,TE
124_212,TE
124_028,TE
124_031,TE
124_039,TE