'001_001','002_001'
'001_002','002_009'
'001_003','002_011'
'001_004','002_003'
'001_005','002_002'
'001_006','002_008'
'001_007','002_005'
'001_008','002_007'
'001_009','002_006'
'001_010','002_004'
'001_011','002_010'
'002_001','003_001'
'002_002','003_002'
'002_003','003_009'
'002_004','003_003'
'002_005','003_004'
'002_006','003_005'
'002_007','003_007'
'002_008','003_011'
'002_009','003_006'
'002_010','003_008'
'002_011','003_010'
'003_001','004_002'
'003_002','004_005'
'003_003','004_008'
'003_004','004_004'
'003_005','004_001'
'003_006','004_010'
'003_006','004_011'
'003_007','004_009'
'003_008','004_006'
'003_009','004_007'
'003_010','004_012'
'003_010','004_014'
'003_011','004_003'
'004_001','005_001'
'004_002','005_004'
'004_003','005_010'
'004_004','005_003'
'004_005','005_002'
'004_006','005_005'
'004_007','005_008'
'004_007','005_014'
'004_008','005_007'
'004_009','005_006'
'004_010','005_009'
'004_011','005_011'
'004_012','005_012'
'004_014','005_015'
'005_001','006_011'
'005_002','006_002'
'005_003','006_001'
'005_004','006_003'
'005_005','006_005'
'005_006','006_009'
'005_007','006_004'
'005_008','006_008'
'005_009','006_006'
'005_010','006_012'
'005_011','006_014'
'005_012','006_010'
'005_014','006_013'
'005_015','006_007'
'006_001','007_012'
'006_002','007_001'
'006_003','007_014'
'006_004','007_006'
'006_005','007_008'
'006_006','007_002'
'006_007','007_013'
'006_008','007_010'
'006_009','007_004'
'006_010','007_005'
'006_011','007_007'
'006_012','007_003'
'006_013','007_011'
'006_014','007_009'
'007_001','008_001'
'007_002','008_008'
'007_003','008_012'
'007_004','008_003'
'007_005','008_013'
'007_006','008_002'
'007_007','008_004'
'007_008','008_010'
'007_009','008_007'
'007_010','008_005'
'007_011','008_011'
'007_012','008_006'
'007_013','008_009'
'007_014','008_015'
'007_014','008_016'
'008_001','009_001'
'008_002','009_003'
'008_003','009_007'
'008_004','009_004'
'008_005','009_002'
'008_006','009_006'
'008_007','009_010'
'008_008','009_009'
'008_009','009_012'
'008_010','009_011'
'008_011','009_013'
'008_012','009_005'
'008_013','009_008'
'008_015','009_015'
'008_016','009_014'
'009_001','010_001'
'009_002','010_012'
'009_003','010_002'
'009_004','010_005'
'009_005','010_006'
'009_006','010_003'
'009_007','010_008'
'009_008','010_014'
'009_009','010_007'
'009_010','010_010'
'009_011','010_011'
'009_012','010_013'
'009_013','010_004'
'009_014','010_015'
'009_015','010_009'
'010_001','011_001'
'010_002','011_003'
'010_003','011_005'
'010_004','011_002'
'010_005','011_011'
'010_006','011_004'
'010_007','011_008'
'010_008','011_013'
'010_009','011_014'
'010_010','011_009'
'010_011','011_010'
'010_012','011_012'
'010_013','011_007'
'010_014','011_006'
'010_015','011_015'
'011_001','012_015'
'011_002','012_004'
'011_003','012_001'
'011_004','012_012'
'011_005','012_008'
'011_006','012_006'
'011_007','012_014'
'011_008','012_005'
'011_009','012_010'
'011_010','012_009'
'011_011','012_011'
'011_012','012_003'
'011_013','012_002'
'011_014','012_007'
'011_015','012_013'
'012_001','013_006'
'012_002','013_012'
'012_003','013_002'
'012_004','013_007'
'012_005','013_004'
'012_006','013_009'
'012_007','013_010'
'012_008','013_003'
'012_009','013_014'
'012_010','013_013'
'012_011','013_001'
'012_012','013_011'
'012_013','013_005'
'012_014','013_008'
'012_015','013_015'
'012_015','013_016'
'013_001','014_002'
'013_002','014_007'
'013_003','014_006'
'013_004','014_005'
'013_005','014_013'
'013_006','014_009'
'013_007','014_004'
'013_008','014_001'
'013_009','014_003'
'013_010','014_012'
'013_011','014_008'
'013_012','014_011'
'013_013','014_016'
'013_014','014_010'
'013_015','014_014'
'013_016','014_015'
'014_001','015_014'
'014_002','015_001'
'014_003','015_007'
'014_004','015_004'
'014_005','015_009'
'014_006','015_005'
'014_007','015_002'
'014_008','015_003'
'014_009','015_010'
'014_010','015_012'
'014_011','015_008'
'014_012','015_006'
'014_013','015_015'
'014_014','015_013'
'014_015','015_016'
'014_016','015_011'
'015_001','016_007'
'015_002','016_004'
'015_003','016_002'
'015_004','016_005'
'015_005','016_013'
'015_006','016_006'
'015_007','016_011'
'015_008','016_015'
'015_009','016_010'
'015_010','016_008'
'015_011','016_003'
'015_012','016_001'
'015_013','016_014'
'015_014','016_009'
'015_015','016_016'
'015_016','016_012'
'016_001','017_001'
'016_002','017_002'
'016_003','017_003'
'016_004','017_005'
'016_005','017_010'
'016_006','017_007'
'016_007','017_006'
'016_008','017_004'
'016_009','017_008'
'016_010','017_009'
'016_011','017_013'
'016_012','017_015'
'016_013','017_014'
'016_014','017_012'
'016_015','017_016'
'016_016','017_011'
'017_001','018_004'
'017_002','018_006'
'017_003','018_001'
'017_004','018_010'
'017_005','018_002'
'017_006','018_008'
'017_007','018_007'
'017_008','018_013'
'017_009','018_005'
'017_010','018_003'
'017_011','018_012'
'017_012','018_015'
'017_013','018_009'
'017_014','018_011'
'017_015','018_016'
'017_016','018_014'
'018_001','019_002'
'018_002','019_003'
'018_003','019_004'
'018_004','019_001'
'018_005','019_008'
'018_006','019_006'
'018_007','019_005'
'018_008','019_011'
'018_009','019_013'
'018_010','019_007'
'018_011','019_009'
'018_012','019_010'
'018_013','019_014'
'018_014','019_015'
'018_015','019_016'
'018_016','019_012'
'019_001','020_006'
'019_002','020_010'
'019_003','020_004'
'019_004','020_013'
'019_005','020_001'
'019_006','020_002'
'019_007','020_005'
'019_008','020_008'
'019_009','020_003'
'019_010','020_007'
'019_011','020_012'
'019_012','020_014'
'019_013','020_011'
'019_014','020_015'
'019_015','020_009'
'019_016','020_016'
'020_001','021_005'
'020_002','021_012'
'020_003','021_006'
'020_004','021_004'
'020_005','021_011'
'020_006','021_003'
'020_007','021_013'
'020_008','021_007'
'020_009','021_002'
'020_010','021_010'
'020_011','021_016'
'020_012','021_008'
'020_013','021_001'
'020_014','021_015'
'020_015','021_009'
'020_016','021_014'
'021_001','022_002'
'021_002','022_007'
'021_003','022_011'
'021_004','022_003'
'021_005','022_001'
'021_006','022_006'
'021_007','022_005'
'021_008','022_010'
'021_009','022_004'
'021_010','022_014'
'021_011','022_009'
'021_012','022_008'
'021_013','022_015'
'021_014','022_012'
'021_015','022_016'
'021_016','022_013'
'022_001','023_001'
'022_002','023_002'
'022_003','023_004'
'022_004','023_012'
'022_005','023_011'
'022_006','023_009'
'022_007','023_005'
'022_008','023_013'
'022_009','023_006'
'022_010','023_008'
'022_011','023_007'
'022_012','023_014'
'022_013','023_016'
'022_014','023_015'
'022_015','023_003'
'022_016','023_010'
'023_001','024_012'
'023_002','024_001'
'023_003','024_007'
'023_004','024_010'
'023_005','024_002'
'023_006','024_004'
'023_007','024_003'
'023_008','024_009'
'023_009','024_006'
'023_010','024_015'
'023_011','024_008'
'023_012','024_013'
'023_013','024_014'
'023_014','024_016'
'023_015','024_011'
'023_016','024_005'
'024_001','025_003'
'024_002','025_011'
'024_003','025_001'
'024_004','025_006'
'024_005','025_012'
'024_006','025_014'
'024_007','025_002'
'024_008','025_010'
'024_009','025_009'
'024_010','025_007'
'024_011','025_004'
'024_012','025_013'
'024_013','025_008'
'024_014','025_005'
'024_015','025_016'
'024_016','025_015'
'025_001','026_001'
'025_002','026_003'
'025_003','026_016'
'025_004','026_010'
'025_005','026_005'
'025_006','026_012'
'025_007','026_002'
'025_008','026_011'
'025_009','026_013'
'025_010','026_004'
'025_011','026_015'
'025_012','026_014'
'025_013','026_006'
'025_014','026_007'
'025_015','026_008'
'025_016','026_009'
'026_001','027_007'
'026_002','027_006'
'026_003','027_005'
'026_004','027_009'
'026_005','027_012'
'026_006','027_004'
'026_007','027_001'
'026_008','027_015'
'026_009','027_003'
'026_010','027_002'
'026_011','027_013'
'026_012','027_008'
'026_013','027_016'
'026_014','027_010'
'026_015','027_011'
'026_016','027_014'
'027_001','028_010'
'027_002','028_001'
'027_003','028_015'
'027_004','028_004'
'027_005','028_008'
'027_006','028_007'
'027_007','028_003'
'027_008','028_013'
'027_009','028_009'
'027_010','028_002'
'027_011','028_014'
'027_012','028_006'
'027_013','028_012'
'027_014','028_011'
'027_015','028_005'
'027_016','028_016'
'028_001','029_009'
'028_002','029_001'
'028_003','029_010'
'028_004','029_002'
'028_005','029_007'
'028_006','029_005'
'028_007','029_008'
'028_008','029_003'
'028_009','029_006'
'028_010','029_004'
'028_011','029_015'
'028_012','029_012'
'028_013','029_013'
'028_014','029_014'
'028_015','029_011'
'028_016','029_016'
'029_001','030_001'
'029_002','030_003'
'029_003','030_016'
'029_004','030_004'
'029_005','030_014'
'029_006','030_010'
'029_007','030_013'
'029_008','030_005'
'029_009','030_002'
'029_010','030_012'
'029_011','030_007'
'029_012','030_009'
'029_013','030_015'
'029_014','030_006'
'029_015','030_008'
'029_016','030_011'
'030_001','031_001'
'030_002','031_005'
'030_003','031_004'
'030_004','031_002'
'030_005','031_006'
'030_006','031_015'
'030_007','031_008'
'030_008','031_003'
'030_009','031_012'
'030_010','031_007'
'030_011','031_013'
'030_012','031_009'
'030_013','031_014'
'030_014','031_011'
'030_015','031_016'
'030_016','031_010'
'031_001','032_002'
'031_002','032_008'
'031_003','032_001'
'031_004','032_003'
'031_005','032_005'
'031_006','032_006'
'031_007','032_007'
'031_008','032_011'
'031_009','032_016'
'031_010','032_009'
'031_011','032_004'
'031_012','032_012'
'031_013','032_015'
'031_014','032_010'
'031_015','032_013'
'031_016','032_014'
'032_001','033_001'
'032_002','033_002'
'032_003','033_007'
'032_004','033_003'
'032_005','033_008'
'032_006','033_012'
'032_007','033_005'
'032_008','033_006'
'032_009','033_004'
'032_010','033_015'
'032_011','033_014'
'032_012','033_011'
'032_013','033_009'
'032_014','033_010'
'032_015','033_013'
'032_016','033_016'
'033_001','034_002'
'033_002','034_004'
'033_003','034_005'
'033_004','034_009'
'033_005','034_003'
'033_006','034_011'
'033_007','034_001'
'033_008','034_010'
'033_009','034_008'
'033_010','034_012'
'033_011','034_007'
'033_012','034_006'
'033_013','034_014'
'033_014','034_016'
'033_015','034_013'
'033_016','034_015'
'034_001','035_002'
'034_002','035_004'
'034_003','035_003'
'034_004','035_014'
'034_005','035_013'
'034_006','035_007'
'034_007','035_001'
'034_008','035_005'
'034_009','035_010'
'034_010','035_011'
'034_011','035_008'
'034_012','035_009'
'034_013','035_015'
'034_014','035_006'
'034_015','035_012'
'034_016','035_016'
'035_001','036_007'
'035_002','036_002'
'035_003','036_004'
'035_004','036_005'
'035_005','036_006'
'035_006','036_008'
'035_007','036_009'
'035_008','036_014'
'035_009','036_012'
'035_010','036_011'
'035_011','036_010'
'035_012','036_013'
'035_013','036_001'
'035_014','036_003'
'035_015','036_016'
'035_016','036_015'
'036_001','037_005'
'036_002','037_007'
'036_003','037_002'
'036_004','037_001'
'036_005','037_003'
'036_006','037_010'
'036_007','037_008'
'036_008','037_014'
'036_009','037_012'
'036_010','037_011'
'036_011','037_006'
'036_012','037_009'
'036_013','037_013'
'036_014','037_015'
'036_015','037_016'
'036_016','037_004'
'037_001','038_004'
'037_002','038_005'
'037_003','038_006'
'037_004','038_009'
'037_005','038_007'
'037_006','038_008'
'037_007','038_010'
'037_008','038_016'
'037_009','038_001'
'037_010','038_015'
'037_011','038_002'
'037_012','038_003'
'037_013','038_013'
'037_014','038_011'
'037_015','038_012'
'037_016','038_014'
'038_001','039_014'
'038_002','039_003'
'038_003','039_007'
'038_004','039_004'
'038_005','039_001'
'038_006','039_002'
'038_007','039_009'
'038_008','039_005'
'038_009','039_010'
'038_010','039_013'
'038_011','039_012'
'038_012','039_008'
'038_013','039_006'
'038_014','039_015'
'038_015','039_011'
'038_016','039_016'
'039_001','040_012'
'039_002','040_002'
'039_003','040_005'
'039_004','040_007'
'039_005','040_006'
'039_006','040_004'
'039_007','040_003'
'039_008','040_013'
'039_009','040_001'
'039_010','040_010'
'039_011','040_008'
'039_012','040_015'
'039_013','040_011'
'039_014','040_009'
'039_015','040_016'
'039_016','040_014'
'040_001','041_003'
'040_002','041_002'
'040_003','041_001'
'040_004','041_010'
'040_005','041_006'
'040_006','041_014'
'040_007','041_009'
'040_008','041_013'
'040_009','041_007'
'040_010','041_005'
'040_011','041_004'
'040_012','041_011'
'040_013','041_008'
'040_014','041_015'
'040_015','041_012'
'040_016','041_016'
'041_001','042_002'
'041_002','042_006'
'041_003','042_004'
'041_004','042_001'
'041_005','042_013'
'041_006','042_008'
'041_007','042_009'
'041_008','042_005'
'041_009','042_016'
'041_010','042_015'
'041_011','042_003'
'041_012','042_012'
'041_013','042_010'
'041_014','042_007'
'041_015','042_011'
'041_016','042_014'
'042_001','043_006'
'042_002','043_001'
'042_003','043_015'
'042_004','043_007'
'042_005','043_008'
'042_006','043_002'
'042_007','043_011'
'042_008','043_003'
'042_009','043_005'
'042_010','043_013'
'042_011','043_010'
'042_012','043_012'
'042_013','043_004'
'042_014','043_014'
'042_015','043_009'
'042_016','043_016'
'043_001','044_005'
'043_002','044_001'
'043_003','044_002'
'043_004','044_015'
'043_005','044_004'
'043_006','044_008'
'043_007','044_013'
'043_008','044_007'
'043_009','044_014'
'043_009','044_019'
'043_010','044_006'
'043_011','044_011'
'043_012','044_010'
'043_013','044_009'
'043_014','044_012'
'043_015','044_003'
'043_016','044_016'
'043_016','044_017'
'044_001','045_002'
'044_002','045_004'
'044_003','045_012'
'044_004','045_008'
'044_005','045_010'
'044_006','045_005'
'044_007','045_006'
'044_008','045_009'
'044_009','045_001'
'044_010','045_013'
'044_011','045_007'
'044_012','045_003'
'044_013','045_015'
'044_013','045_019'
'044_014','045_011'
'044_015','045_014'
'044_016','045_016'
'044_017','045_017'
'044_019','045_018'
'045_001','046_002'
'045_001','046_010'
'045_002','046_001'
'045_003','046_011'
'045_004','046_003'
'045_005','046_008'
'045_006','046_019'
'045_007','046_009'
'045_008','046_014'
'045_009','046_007'
'045_010','046_013'
'045_011','046_005'
'045_012','046_006'
'045_013','046_012'
'045_014','046_004'
'045_015','046_015'
'045_016','046_017'
'045_017','046_018'
'045_018','046_020'
'045_019','046_016'
'046_001','047_001'
'046_002','047_003'
'046_003','047_007'
'046_004','047_002'
'046_005','047_009'
'046_006','047_011'
'046_007','047_012'
'046_008','047_006'
'046_009','047_005'
'046_010','047_013'
'046_011','047_010'
'046_012','047_004'
'046_013','047_008'
'046_014','047_020'
'046_015','047_016'
'046_016','047_014'
'046_017','047_015'
'046_018','047_019'
'046_019','047_018'
'046_020','047_017'
'047_001','048_002'
'047_002','048_005'
'047_003','048_009'
'047_004','048_003'
'047_005','048_007'
'047_006','048_001'
'047_007','048_012'
'047_008','048_015'
'047_009','048_004'
'047_010','048_006'
'047_011','048_011'
'047_012','048_008'
'047_013','048_010'
'047_014','048_017'
'047_015','048_013'
'047_016','048_016'
'047_017','048_018'
'047_018','048_020'
'047_018','048_021'
'047_019','048_019'
'047_020','048_014'
'047_020','048_022'
'048_001','049_002'
'048_002','049_001'
'048_003','049_004'
'048_004','049_007'
'048_005','049_008'
'048_006','049_003'
'048_007','049_006'
'048_008','049_009'
'048_009','049_013'
'048_010','049_011'
'048_011','049_021'
'048_011','049_275'
'048_012','049_005'
'048_013','049_012'
'048_014','049_014'
'048_015','049_022'
'048_016','049_010'
'048_017','049_020'
'048_018','049_017'
'048_019','049_015'
'048_020','049_016'
'048_021','049_019'
'048_022','049_018'
'049_001','050_020'
'049_002','050_001'
'049_003','050_004'
'049_004','050_005'
'049_005','050_002'
'049_006','050_009'
'049_007','050_003'
'049_008','050_006'
'049_009','050_022'
'049_010','050_012'
'049_011','050_007'
'049_012','050_011'
'049_013','050_008'
'049_014','050_017'
'049_015','050_014'
'049_016','050_021'
'049_017','050_016'
'049_018','050_010'
'049_019','050_013'
'049_020','050_015'
'049_021','050_018'
'049_022','050_023'
'049_022','050_024'
'049_275','050_019'
'050_001','051_002'
'050_002','051_004'
'050_003','051_005'
'050_004','051_003'
'050_005','051_001'
'050_006','051_008'
'050_007','051_012'
'050_008','051_007'
'050_009','051_011'
'050_010','051_010'
'050_011','051_006'
'050_012','051_015'
'050_013','051_016'
'050_014','051_018'
'050_015','051_017'
'050_016','051_019'
'050_017','051_009'
'050_018','051_014'
'050_019','051_013'
'050_020','051_023'
'050_021','051_022'
'050_022','051_024'
'050_022','051_025'
'050_023','051_020'
'050_024','051_021'
'051_001','052_002'
'051_002','052_003'
'051_003','052_015'
'051_004','052_005'
'051_005','052_006'
'051_006','052_012'
'051_007','052_009'
'051_008','052_014'
'051_009','052_013'
'051_010','052_007'
'051_011','052_001'
'051_012','052_018'
'051_013','052_020'
'051_014','052_022'
'051_015','052_010'
'051_016','052_025'
'051_017','052_004'
'051_018','052_016'
'051_019','052_008'
'051_020','052_019'
'051_021','052_021'
'051_022','052_017'
'051_023','052_011'
'051_023','052_026'
'051_024','052_023'
'051_025','052_024'
'052_001','053_002'
'052_002','053_005'
'052_003','053_003'
'052_004','053_009'
'052_005','053_011'
'052_006','053_004'
'052_007','053_016'
'052_008','053_017'
'052_009','053_001'
'052_010','053_012'
'052_011','053_013'
'052_012','053_006'
'052_013','053_018'
'052_014','053_008'
'052_015','053_014'
'052_016','053_015'
'052_017','053_021'
'052_018','053_007'
'052_019','053_019'
'052_020','053_022'
'052_021','053_020'
'052_022','053_023'
'052_023','053_024'
'052_024','053_010'
'052_025','053_026'
'052_026','053_025'
'053_001','054_002'
'053_002','054_024'
'053_003','054_019'
'053_004','054_001'
'053_005','054_026'
'053_005','054_028'
'053_006','054_003'
'053_007','054_005'
'053_008','054_006'
'053_009','054_007'
'053_010','054_011'
'053_011','054_004'
'053_012','054_014'
'053_013','054_008'
'053_014','054_020'
'053_015','054_023'
'053_016','054_009'
'053_017','054_017'
'053_018','054_010'
'053_019','054_015'
'053_020','054_025'
'053_021','054_012'
'053_022','054_021'
'053_023','054_022'
'053_024','054_016'
'053_025','054_013'
'053_026','054_018'
'054_001','055_003'
'054_002','055_005'
'054_003','055_009'
'054_004','055_008'
'054_005','055_002'
'054_006','055_004'
'054_007','055_013'
'054_008','055_018'
'054_009','055_011'
'054_010','055_007'
'054_011','055_006'
'054_012','055_025'
'054_013','055_014'
'054_014','055_010'
'054_015','055_020'
'054_016','055_015'
'054_017','055_017'
'054_018','055_022'
'054_019','055_001'
'054_020','055_019'
'054_021','055_023'
'054_022','055_016'
'054_023','055_012'
'054_024','055_026'
'054_024','055_028'
'054_025','055_021'
'054_026','055_027'
'054_028','055_024'
'055_001','056_027'
'055_001','056_030'
'055_002','056_007'
'055_003','056_020'
'055_004','056_001'
'055_005','056_003'
'055_006','056_006'
'055_007','056_002'
'055_008','056_028'
'055_009','056_011'
'055_010','056_004'
'055_011','056_010'
'055_012','056_026'
'055_013','056_005'
'055_014','056_014'
'055_015','056_016'
'055_016','056_013'
'055_017','056_017'
'055_018','056_012'
'055_019','056_008'
'055_020','056_015'
'055_021','056_009'
'055_022','056_018'
'055_023','056_024'
'055_024','056_019'
'055_025','056_023'
'055_026','056_021'
'055_027','056_025'
'055_028','056_022'
'056_001','057_001'
'056_002','057_003'
'056_003','057_002'
'056_004','057_004'
'056_005','057_008'
'056_006','057_006'
'056_007','057_015'
'056_008','057_019'
'056_009','057_021'
'056_010','057_009'
'056_011','057_005'
'056_012','057_010'
'056_013','057_016'
'056_014','057_012'
'056_015','057_018'
'056_016','057_014'
'056_017','057_024'
'056_018','057_017'
'056_019','057_023'
'056_020','057_013'
'056_021','057_022'
'056_022','057_011'
'056_023','057_007'
'056_024','057_028'
'056_025','057_026'
'056_026','057_025'
'056_027','057_020'
'056_028','057_027'
'056_028','057_029'
'056_030','057_030'
'057_001','058_015'
'057_002','058_007'
'057_003','058_002'
'057_004','058_004'
'057_005','058_005'
'057_006','058_003'
'057_007','058_020'
'057_008','058_017'
'057_009','058_001'
'057_010','058_021'
'057_011','058_023'
'057_012','058_008'
'057_013','058_019'
'057_014','058_006'
'057_015','058_009'
'057_016','058_012'
'057_017','058_024'
'057_018','058_011'
'057_019','058_016'
'057_020','058_022'
'057_021','058_018'
'057_022','058_014'
'057_023','058_013'
'057_024','058_010'
'057_025','058_028'
'057_026','058_029'
'057_027','058_027'
'057_028','058_025'
'057_029','058_030'
'057_030','058_026'
'058_001','059_001'
'058_002','059_005'
'058_003','059_008'
'058_004','059_002'
'058_005','059_006'
'058_006','059_014'
'058_007','059_003'
'058_008','059_009'
'058_009','059_019'
'058_010','059_013'
'058_011','059_007'
'058_012','059_017'
'058_013','059_012'
'058_014','059_022'
'058_015','059_030'
'058_016','059_025'
'058_017','059_004'
'058_018','059_015'
'058_019','059_020'
'058_020','059_023'
'058_021','059_016'
'058_022','059_018'
'058_023','059_029'
'058_024','059_010'
'058_025','059_026'
'058_026','059_027'
'058_027','059_011'
'058_028','059_028'
'058_029','059_021'
'058_030','059_024'
'059_001','060_013'
'059_002','060_004'
'059_003','060_006'
'059_004','060_009'
'059_005','060_002'
'059_006','060_018'
'059_007','060_011'
'059_008','060_010'
'059_009','060_005'
'059_010','060_017'
'059_011','060_028'
'059_012','060_012'
'059_013','060_001'
'059_014','060_023'
'059_015','060_008'
'059_016','060_007'
'059_017','060_022'
'059_018','060_015'
'059_019','060_016'
'059_020','060_024'
'059_021','060_025'
'059_022','060_021'
'059_023','060_020'
'059_024','060_026'
'059_025','060_003'
'059_026','060_019'
'059_027','060_029'
'059_028','060_014'
'059_029','060_027'
'059_030','060_030'
'059_030','060_032'
'060_001','061_003'
'060_002','061_001'
'060_003','061_024'
'060_004','061_002'
'060_005','061_011'
'060_006','061_009'
'060_007','061_006'
'060_008','061_014'
'060_009','061_010'
'060_010','061_008'
'060_011','061_005'
'060_012','061_012'
'060_013','061_004'
'060_014','061_018'
'060_015','061_029'
'060_016','061_015'
'060_017','061_017'
'060_018','061_007'
'060_019','061_022'
'060_020','061_026'
'060_021','061_020'
'060_022','061_013'
'060_023','061_016'
'060_024','061_025'
'060_025','061_021'
'060_026','061_027'
'060_027','061_028'
'060_028','061_023'
'060_029','061_019'
'060_030','061_030'
'060_032','061_031'
'061_001','062_001'
'061_002','062_014'
'061_003','062_005'
'061_004','062_002'
'061_005','062_004'
'061_006','062_023'
'061_007','062_012'
'061_008','062_008'
'061_009','062_016'
'061_010','062_010'
'061_011','062_013'
'061_012','062_017'
'061_013','062_019'
'061_014','062_009'
'061_015','062_027'
'061_016','062_024'
'061_017','062_007'
'061_018','062_020'
'061_019','062_011'
'061_020','062_028'
'061_021','062_030'
'061_022','062_021'
'061_023','062_006'
'061_024','062_031'
'061_025','062_029'
'061_026','062_015'
'061_027','062_025'
'061_028','062_003'
'061_029','062_022'
'061_030','062_026'
'061_031','062_018'
'062_001','063_004'
'062_002','063_001'
'062_003','063_018'
'062_004','063_011'
'062_005','063_003'
'062_006','063_015'
'062_007','063_006'
'062_008','063_016'
'062_009','063_005'
'062_010','063_023'
'062_011','063_002'
'062_012','063_014'
'062_013','063_017'
'062_014','063_009'
'062_015','063_025'
'062_016','063_008'
'062_017','063_020'
'062_018','063_012'
'062_019','063_007'
'062_020','063_021'
'062_021','063_022'
'062_022','063_028'
'062_023','063_010'
'062_024','063_013'
'062_025','063_030'
'062_026','063_027'
'062_027','063_019'
'062_028','063_024'
'062_029','063_029'
'062_030','063_026'
'062_031','063_031'
'063_001','064_017'
'063_002','064_022'
'063_003','064_009'
'063_004','064_004'
'063_005','064_008'
'063_006','064_015'
'063_007','064_005'
'063_008','064_002'
'063_009','064_010'
'063_010','064_014'
'063_011','064_011'
'063_012','064_028'
'063_013','064_024'
'063_014','064_013'
'063_015','064_021'
'063_016','064_012'
'063_017','064_006'
'063_018','064_019'
'063_019','064_030'
'063_020','064_001'
'063_021','064_026'
'063_022','064_007'
'063_023','064_018'
'063_024','064_025'
'063_025','064_020'
'063_026','064_023'
'063_027','064_003'
'063_028','064_016'
'063_029','064_027'
'063_030','064_029'
'063_031','064_031'
'063_031','064_032'
'064_001','065_008'
'064_002','065_007'
'064_003','065_019'
'064_004','065_001'
'064_005','065_014'
'064_006','065_006'
'064_007','065_002'
'064_008','065_010'
'064_009','065_016'
'064_010','065_005'
'064_011','065_017'
'064_012','065_009'
'064_013','065_023'
'064_014','065_003'
'064_015','065_012'
'064_016','065_021'
'064_017','065_011'
'064_018','065_004'
'064_019','065_025'
'064_020','065_015'
'064_021','065_024'
'064_022','065_028'
'064_023','065_029'
'064_024','065_013'
'064_025','065_018'
'064_026','065_026'
'064_027','065_022'
'064_028','065_020'
'064_029','065_027'
'064_030','065_032'
'064_031','065_031'
'064_032','065_030'
'065_001','066_003'
'065_002','066_028'
'065_003','066_026'
'065_004','066_015'
'065_005','066_006'
'065_006','066_005'
'065_007','066_009'
'065_008','066_010'
'065_009','066_025'
'065_010','066_023'
'065_011','066_019'
'065_012','066_029'
'065_013','066_020'
'065_014','066_024'
'065_015','066_021'
'065_016','066_004'
'065_017','066_027'
'065_018','066_014'
'065_019','066_031'
'065_020','066_002'
'065_021','066_012'
'065_022','066_018'
'065_023','066_016'
'065_024','066_001'
'065_025','066_007'
'065_026','066_013'
'065_027','066_017'
'065_028','066_022'
'065_029','066_030'
'065_030','066_011'
'065_031','066_032'
'065_032','066_008'
'066_001','067_013'
'066_002','067_002'
'066_003','067_004'
'066_004','067_011'
'066_005','067_003'
'066_006','067_009'
'066_007','067_012'
'066_008','067_016'
'066_009','067_006'
'066_010','067_010'
'066_011','067_024'
'066_012','067_005'
'066_013','067_028'
'066_014','067_017'
'066_015','067_001'
'066_016','067_023'
'066_017','067_020'
'066_018','067_007'
'066_019','067_029'
'066_020','067_025'
'066_021','067_022'
'066_022','067_008'
'066_023','067_015'
'066_024','067_018'
'066_025','067_014'
'066_026','067_031'
'066_027','067_019'
'066_028','067_030'
'066_029','067_026'
'066_030','067_021'
'066_031','067_032'
'066_032','067_027'
'067_001','068_002'
'067_002','068_004'
'067_003','068_005'
'067_004','068_019'
'067_005','068_011'
'067_006','068_008'
'067_007','068_007'
'067_008','068_021'
'067_009','068_001'
'067_010','068_016'
'067_011','068_017'
'067_012','068_020'
'067_013','068_009'
'067_014','068_003'
'067_015','068_013'
'067_016','068_012'
'067_017','068_014'
'067_018','068_029'
'067_019','068_006'
'067_020','068_024'
'067_021','068_027'
'067_022','068_031'
'067_023','068_015'
'067_024','068_018'
'067_025','068_025'
'067_026','068_022'
'067_027','068_010'
'067_028','068_028'
'067_029','068_030'
'067_030','068_026'
'067_031','068_023'
'067_032','068_032'
'068_001','069_001'
'068_002','069_002'
'068_003','069_006'
'068_004','069_005'
'068_005','069_003'
'068_006','069_007'
'068_007','069_008'
'068_008','069_004'
'068_009','069_029'
'068_010','069_017'
'068_011','069_018'
'068_012','069_022'
'068_013','069_014'
'068_014','069_011'
'068_015','069_023'
'068_016','069_028'
'068_017','069_027'
'068_018','069_019'
'068_019','069_009'
'068_020','069_016'
'068_021','069_024'
'068_022','069_031'
'068_023','069_025'
'068_024','069_020'
'068_025','069_012'
'068_026','069_030'
'068_027','069_010'
'068_028','069_026'
'068_029','069_015'
'068_030','069_021'
'068_031','069_013'
'068_032','069_032'
'069_001','070_009'
'069_002','070_008'
'069_003','070_001'
'069_004','070_018'
'069_005','070_014'
'069_006','070_003'
'069_007','070_010'
'069_008','070_002'
'069_009','070_004'
'069_010','070_031'
'069_011','070_019'
'069_012','070_011'
'069_013','070_020'
'069_014','070_015'
'069_015','070_026'
'069_016','070_007'
'069_017','070_029'
'069_018','070_013'
'069_019','070_027'
'069_020','070_005'
'069_021','070_030'
'069_022','070_017'
'069_023','070_022'
'069_024','070_006'
'069_025','070_024'
'069_026','070_021'
'069_027','070_012'
'069_028','070_023'
'069_029','070_025'
'069_030','070_016'
'069_031','070_028'
'069_032','070_032'
'070_001','071_002'
'070_002','071_004'
'070_003','071_007'
'070_004','071_003'
'070_005','071_006'
'070_006','071_010'
'070_007','071_008'
'070_008','071_005'
'070_009','071_001'
'070_010','071_017'
'070_011','071_024'
'070_012','071_026'
'070_013','071_032'
'070_014','071_009'
'070_015','071_023'
'070_016','071_015'
'070_017','071_019'
'070_018','071_016'
'070_019','071_011'
'070_020','071_012'
'070_021','071_027'
'070_022','071_014'
'070_023','071_022'
'070_024','071_029'
'070_025','071_020'
'070_026','071_013'
'070_027','071_021'
'070_028','071_028'
'070_029','071_018'
'070_030','071_025'
'070_031','071_031'
'070_032','071_030'
'071_001','072_006'
'071_002','072_014'
'071_003','072_004'
'071_004','072_003'
'071_005','072_011'
'071_006','072_019'
'071_007','072_001'
'071_008','072_010'
'071_009','072_016'
'071_010','072_029'
'071_011','072_013'
'071_012','072_028'
'071_013','072_021'
'071_014','072_022'
'071_015','072_024'
'071_016','072_017'
'071_017','072_020'
'071_018','072_015'
'071_019','072_018'
'071_020','072_030'
'071_021','072_031'
'071_022','072_032'
'071_023','072_007'
'071_024','072_009'
'071_025','072_025'
'071_026','072_008'
'071_027','072_005'
'071_028','072_002'
'071_029','072_027'
'071_030','072_026'
'071_031','072_012'
'071_032','072_023'
'072_001','073_003'
'072_002','073_031'
'072_003','073_002'
'072_004','073_029'
'072_005','073_001'
'072_006','073_004'
'072_007','073_011'
'072_008','073_016'
'072_009','073_007'
'072_010','073_028'
'072_011','073_010'
'072_012','073_023'
'072_013','073_015'
'072_014','073_026'
'072_015','073_024'
'072_016','073_013'
'072_017','073_005'
'072_018','073_025'
'072_019','073_012'
'072_020','073_009'
'072_021','073_019'
'072_022','073_018'
'072_023','073_006'
'072_024','073_020'
'072_025','073_017'
'072_026','073_022'
'072_027','073_014'
'072_028','073_008'
'072_029','073_030'
'072_030','073_021'
'072_031','073_032'
'072_032','073_027'
'073_001','074_018'
'073_002','074_008'
'073_003','074_016'
'073_004','074_002'
'073_005','074_011'
'073_006','074_007'
'073_007','074_017'
'073_008','074_030'
'073_009','074_019'
'073_010','074_001'
'073_011','074_022'
'073_012','074_006'
'073_013','074_010'
'073_014','074_025'
'073_015','074_005'
'073_016','074_032'
'073_017','074_026'
'073_018','074_013'
'073_019','074_009'
'073_020','074_023'
'073_021','074_012'
'073_022','074_021'
'073_023','074_014'
'073_024','074_004'
'073_025','074_028'
'073_026','074_029'
'073_027','074_015'
'073_028','074_024'
'073_029','074_031'
'073_030','074_020'
'073_031','074_003'
'073_032','074_027'
'074_001','075_008'
'074_002','075_025'
'074_003','075_003'
'074_004','075_023'
'074_005','075_009'
'074_006','075_019'
'074_007','075_015'
'074_008','075_002'
'074_009','075_006'
'074_010','075_016'
'074_011','075_027'
'074_012','075_004'
'074_013','075_012'
'074_014','075_018'
'074_015','075_020'
'074_016','075_013'
'074_017','075_024'
'074_018','075_010'
'074_019','075_007'
'074_020','075_026'
'074_021','075_011'
'074_022','075_017'
'074_023','075_030'
'074_024','075_022'
'074_025','075_014'
'074_026','075_001'
'074_027','075_031'
'074_028','075_021'
'074_029','075_032'
'074_030','075_005'
'074_031','075_029'
'074_032','075_028'
'075_001','076_006'
'075_002','076_002'
'075_003','076_007'
'075_004','076_028'
'075_005','076_008'
'075_006','076_003'
'075_007','076_014'
'075_008','076_017'
'075_009','076_019'
'075_010','076_020'
'075_011','076_023'
'075_012','076_029'
'075_013','076_024'
'075_014','076_013'
'075_015','076_025'
'075_016','076_010'
'075_017','076_009'
'075_018','076_005'
'075_019','076_012'
'075_020','076_016'
'075_021','076_001'
'075_022','076_004'
'075_023','076_018'
'075_024','076_015'
'075_025','076_022'
'075_026','076_021'
'075_027','076_031'
'075_028','076_011'
'075_029','076_026'
'075_030','076_027'
'075_031','076_030'
'075_032','076_032'
'076_001','077_005'
'076_002','077_024'
'076_003','077_003'
'076_004','077_006'
'076_005','077_017'
'076_006','077_023'
'076_007','077_032'
'076_008','077_008'
'076_009','077_027'
'076_010','077_018'
'076_011','077_001'
'076_012','077_009'
'076_013','077_016'
'076_014','077_010'
'076_015','077_025'
'076_016','077_020'
'076_017','077_012'
'076_018','077_015'
'076_019','077_026'
'076_020','077_013'
'076_021','077_029'
'076_022','077_019'
'076_023','077_021'
'076_024','077_022'
'076_025','077_011'
'076_026','077_014'
'076_027','077_007'
'076_028','077_004'
'076_029','077_028'
'076_030','077_030'
'076_031','077_031'
'076_032','077_002'
'077_001','078_001'
'077_002','078_004'
'077_003','078_009'
'077_004','078_007'
'077_005','078_008'
'077_006','078_012'
'077_007','078_011'
'077_008','078_002'
'077_009','078_025'
'077_010','078_010'
'077_011','078_016'
'077_012','078_018'
'077_013','078_015'
'077_014','078_013'
'077_015','078_019'
'077_016','078_003'
'077_017','078_024'
'077_018','078_020'
'077_019','078_014'
'077_020','078_030'
'077_021','078_021'
'077_022','078_017'
'077_023','078_005'
'077_024','078_006'
'077_025','078_026'
'077_026','078_023'
'077_027','078_022'
'077_028','078_027'
'077_029','078_029'
'077_030','078_028'
'077_031','078_031'
'077_032','078_032'
'078_001','079_001'
'078_002','079_003'
'078_003','079_002'
'078_004','079_013'
'078_005','079_020'
'078_006','079_012'
'078_007','079_005'
'078_008','079_010'
'078_009','079_004'
'078_010','079_008'
'078_011','079_009'
'078_012','079_015'
'078_013','079_016'
'078_014','079_028'
'078_015','079_017'
'078_016','079_006'
'078_017','079_023'
'078_018','079_021'
'078_019','079_030'
'078_020','079_029'
'078_021','079_025'
'078_022','079_024'
'078_023','079_011'
'078_024','079_014'
'078_025','079_019'
'078_026','079_022'
'078_027','079_027'
'078_028','079_007'
'078_029','079_026'
'078_030','079_018'
'078_031','079_031'
'078_032','079_032'
'079_001','080_001'
'079_002','080_002'
'079_003','080_018'
'079_004','080_003'
'079_005','080_009'
'079_006','080_012'
'079_007','080_008'
'079_008','080_022'
'079_009','080_010'
'079_010','080_020'
'079_011','080_017'
'079_012','080_007'
'079_013','080_004'
'079_014','080_021'
'079_015','080_014'
'079_016','080_025'
'079_017','080_005'
'079_018','080_032'
'079_019','080_027'
'079_020','080_006'
'079_021','080_013'
'079_022','080_023'
'079_023','080_016'
'079_024','080_011'
'079_025','080_015'
'079_026','080_030'
'079_027','080_019'
'079_028','080_024'
'079_029','080_026'
'079_030','080_028'
'079_031','080_029'
'079_032','080_031'
'080_001','081_001'
'080_002','081_002'
'080_003','081_008'
'080_004','081_029'
'080_005','081_009'
'080_006','081_011'
'080_007','081_004'
'080_008','081_007'
'080_009','081_013'
'080_010','081_005'
'080_011','081_003'
'080_012','081_015'
'080_013','081_016'
'080_014','081_018'
'080_015','081_025'
'080_016','081_010'
'080_017','081_023'
'080_018','081_022'
'080_019','081_020'
'080_020','081_024'
'080_021','081_014'
'080_022','081_006'
'080_023','081_026'
'080_024','081_027'
'080_025','081_028'
'080_026','081_012'
'080_027','081_021'
'080_028','081_030'
'080_029','081_031'
'080_030','081_019'
'080_031','081_032'
'080_032','081_017'
'081_001','082_002'
'081_002','082_001'
'081_003','082_008'
'081_004','082_021'
'081_005','082_006'
'081_006','082_005'
'081_007','082_004'
'081_008','082_003'
'081_009','082_019'
'081_010','082_020'
'081_011','082_013'
'081_012','082_014'
'081_013','082_009'
'081_014','082_010'
'081_015','082_012'
'081_016','082_025'
'081_017','082_026'
'081_018','082_024'
'081_019','082_011'
'081_020','082_022'
'081_021','082_016'
'081_022','082_015'
'081_023','082_007'
'081_024','082_031'
'081_025','082_029'
'081_026','082_023'
'081_027','082_018'
'081_028','082_027'
'081_029','082_028'
'081_030','082_017'
'081_031','082_032'
'081_032','082_030'
'082_001','083_001'
'082_002','083_003'
'082_003','083_009'
'082_004','083_004'
'082_005','083_012'
'082_006','083_007'
'082_007','083_014'
'082_008','083_005'
'082_009','083_010'
'082_010','083_025'
'082_011','083_020'
'082_012','083_023'
'082_013','083_002'
'082_014','083_024'
'082_015','083_015'
'082_016','083_008'
'082_017','083_006'
'082_018','083_022'
'082_019','083_026'
'082_020','083_016'
'082_021','083_030'
'082_022','083_031'
'082_023','083_021'
'082_024','083_018'
'082_025','083_017'
'082_026','083_029'
'082_027','083_011'
'082_028','083_013'
'082_029','083_027'
'082_030','083_019'
'082_031','083_033'
'082_032','083_028'
'083_001','084_001'
'083_002','084_026'
'083_003','084_007'
'083_004','084_022'
'083_005','084_021'
'083_006','084_016'
'083_007','084_012'
'083_008','084_015'
'083_009','084_017'
'083_010','084_020'
'083_011','084_004'
'083_012','084_027'
'083_013','084_005'
'083_014','084_008'
'083_015','084_009'
'083_016','084_013'
'083_017','084_006'
'083_018','084_024'
'083_019','084_032'
'083_020','084_018'
'083_021','084_014'
'083_022','084_002'
'083_023','084_003'
'083_024','084_011'
'083_025','084_029'
'083_026','084_019'
'083_027','084_025'
'083_028','084_023'
'083_029','084_010'
'083_030','084_028'
'083_030','084_031'
'083_031','084_030'
'083_033','084_033'
'084_001','085_010'
'084_002','085_017'
'084_003','085_009'
'084_004','085_003'
'084_005','085_001'
'084_006','085_006'
'084_007','085_015'
'084_008','085_013'
'084_009','085_021'
'084_010','085_019'
'084_011','085_007'
'084_012','085_014'
'084_013','085_018'
'084_014','085_012'
'084_015','085_004'
'084_016','085_016'
'084_017','085_022'
'084_018','085_020'
'084_019','085_008'
'084_020','085_030'
'084_021','085_027'
'084_022','085_023'
'084_023','085_002'
'084_024','085_025'
'084_025','085_028'
'084_026','085_011'
'084_027','085_032'
'084_028','085_029'
'084_029','085_005'
'084_030','085_031'
'084_031','085_024'
'084_032','085_033'
'084_033','085_026'
'085_001','086_002'
'085_002','086_019'
'085_003','086_005'
'085_004','086_006'
'085_005','086_008'
'085_006','086_001'
'085_007','086_007'
'085_008','086_010'
'085_009','086_003'
'085_010','086_021'
'085_011','086_025'
'085_012','086_009'
'085_013','086_004'
'085_014','086_013'
'085_015','086_015'
'085_016','086_011'
'085_017','086_033'
'085_018','086_017'
'085_019','086_022'
'085_020','086_020'
'085_021','086_016'
'085_022','086_018'
'085_023','086_023'
'085_024','086_029'
'085_025','086_028'
'085_026','086_024'
'085_027','086_031'
'085_028','086_027'
'085_029','086_014'
'085_030','086_030'
'085_031','086_026'
'085_032','086_012'
'085_033','086_032'
'086_001','087_002'
'086_002','087_003'
'086_003','087_011'
'086_004','087_013'
'086_005','087_021'
'086_006','087_065'
'086_007','087_007'
'086_008','087_012'
'086_009','087_016'
'086_010','087_018'
'086_011','087_015'
'086_012','087_004'
'086_013','087_017'
'086_014','087_014'
'086_015','087_020'
'086_016','087_005'
'086_017','087_026'
'086_018','087_027'
'086_019','087_024'
'086_020','087_010'
'086_021','087_006'
'086_022','087_009'
'086_023','087_022'
'086_024','087_023'
'086_025','087_028'
'086_026','087_025'
'086_027','087_008'
'086_028','087_064'
'086_029','087_019'
'086_030','087_030'
'086_031','087_031'
'086_032','087_032'
'086_033','087_029'
'086_033','087_033'
'087_002','088_030'
'087_003','088_013'
'087_004','088_005'
'087_005','088_007'
'087_006','088_006'
'087_007','088_011'
'087_008','088_020'
'087_009','088_004'
'087_010','088_026'
'087_011','088_025'
'087_012','088_008'
'087_013','088_002'
'087_014','088_018'
'087_015','088_012'
'087_016','088_028'
'087_017','088_023'
'087_018','088_029'
'087_019','088_021'
'087_020','088_014'
'087_021','088_015'
'087_022','088_017'
'087_023','088_010'
'087_024','088_016'
'087_025','088_009'
'087_026','088_003'
'087_027','088_019'
'087_028','088_027'
'087_029','088_032'
'087_030','088_031'
'087_031','088_022'
'087_032','088_066'
'087_033','088_033'
'087_064','088_024'
'087_065','088_001'
'088_001','089_008'
'088_002','089_007'
'088_003','089_023'
'088_004','089_013'
'088_005','089_005'
'088_006','089_012'
'088_007','089_004'
'088_008','089_002'
'088_009','089_028'
'088_010','089_003'
'088_011','089_009'
'088_012','089_011'
'088_013','089_033'
'088_014','089_010'
'088_015','089_019'
'088_016','089_006'
'088_017','089_022'
'088_018','089_018'
'088_019','089_014'
'088_020','089_026'
'088_021','089_024'
'088_022','089_029'
'088_023','089_001'
'088_024','089_027'
'088_025','089_025'
'088_026','089_021'
'088_027','089_015'
'088_028','089_017'
'088_029','089_020'
'088_030','089_032'
'088_031','089_016'
'088_032','089_031'
'088_033','089_030'
'088_066','089_067'
'089_001','090_014'
'089_002','090_009'
'089_003','090_001'
'089_004','090_022'
'089_005','090_004'
'089_006','090_005'
'089_007','090_006'
'089_008','090_002'
'089_009','090_003'
'089_010','090_008'
'089_011','090_016'
'089_012','090_033'
'089_013','090_027'
'089_014','090_015'
'089_015','090_021'
'089_016','090_007'
'089_017','090_017'
'089_018','090_019'
'089_019','090_028'
'089_020','090_037'
'089_021','090_011'
'089_022','090_012'
'089_023','090_024'
'089_024','090_013'
'089_025','090_030'
'089_026','090_018'
'089_027','090_025'
'089_028','090_023'
'089_029','090_029'
'089_030','090_020'
'089_031','090_026'
'089_032','090_031'
'089_032','090_032'
'089_033','090_034'
'089_033','090_035'
'089_067','090_010'
'090_001','091_001'
'090_002','091_002'
'090_003','091_007'
'090_004','091_005'
'090_005','091_019'
'090_006','091_006'
'090_007','091_004'
'090_008','091_025'
'090_009','091_015'
'090_010','091_012'
'090_011','091_020'
'090_012','091_022'
'090_013','091_021'
'090_014','091_011'
'090_015','091_028'
'090_016','091_003'
'090_017','091_013'
'090_018','091_027'
'090_019','091_008'
'090_020','091_010'
'090_021','091_017'
'090_022','091_016'
'090_023','091_033'
'090_023','091_038'
'090_024','091_018'
'090_025','091_009'
'090_026','091_024'
'090_027','091_014'
'090_028','091_023'
'090_029','091_037'
'090_030','091_029'
'090_031','091_026'
'090_032','091_031'
'090_033','091_036'
'090_034','091_035'
'090_035','091_032'
'090_037','091_030'
'091_001','092_002'
'091_002','092_001'
'091_003','092_014'
'091_004','092_003'
'091_005','092_021'
'091_006','092_018'
'091_007','092_005'
'091_008','092_020'
'091_009','092_024'
'091_010','092_022'
'091_011','092_006'
'091_012','092_017'
'091_013','092_028'
'091_014','092_023'
'091_015','092_009'
'091_016','092_027'
'091_017','092_010'
'091_018','092_025'
'091_019','092_033'
'091_020','092_004'
'091_021','092_026'
'091_022','092_007'
'091_023','092_011'
'091_024','092_016'
'091_025','092_012'
'091_026','092_013'
'091_027','092_015'
'091_028','092_008'
'091_029','092_030'
'091_030','092_038'
'091_031','092_032'
'091_032','092_019'
'091_033','092_031'
'091_035','092_029'
'091_036','092_035'
'091_036','092_037'
'091_037','092_036'
'091_037','092_040'
'091_038','092_034'
'092_001','093_002'
'092_002','093_001'
'092_003','093_010'
'092_004','093_007'
'092_005','093_005'
'092_006','093_006'
'092_007','093_009'
'092_008','093_022'
'092_009','093_015'
'092_010','093_016'
'092_011','093_030'
'092_012','093_025'
'092_012','093_026'
'092_013','093_023'
'092_014','093_012'
'092_015','093_003'
'092_016','093_027'
'092_017','093_004'
'092_018','093_008'
'092_019','093_024'
'092_020','093_014'
'092_021','093_011'
'092_022','093_017'
'092_023','093_029'
'092_024','093_020'
'092_025','093_031'
'092_026','093_013'
'092_027','093_028'
'092_028','093_019'
'092_029','093_036'
'092_030','093_033'
'092_031','093_032'
'092_032','093_037'
'092_033','093_035'
'092_034','093_021'
'092_035','093_018'
'092_036','093_038'
'092_037','093_039'
'092_038','093_041'
'092_038','093_042'
'092_040','093_034'
'093_001','094_016'
'093_002','094_011'
'093_003','094_018'
'093_004','094_039'
'093_005','094_003'
'093_006','094_010'
'093_007','094_001'
'093_008','094_014'
'093_009','094_009'
'093_010','094_004'
'093_011','094_034'
'093_012','094_012'
'093_013','094_005'
'093_014','094_021'
'093_015','094_024'
'093_016','094_020'
'093_017','094_023'
'093_018','094_040'
'093_019','094_035'
'093_020','094_002'
'093_021','094_031'
'093_022','094_028'
'093_023','094_027'
'093_024','094_033'
'093_025','094_008'
'093_026','094_006'
'093_027','094_025'
'093_028','094_015'
'093_029','094_007'
'093_030','094_013'
'093_031','094_022'
'093_032','094_030'
'093_033','094_029'
'093_034','094_026'
'093_035','094_019'
'093_036','094_038'
'093_037','094_017'
'093_038','094_036'
'093_039','094_037'
'093_041','094_068'
'093_042','094_032'
'094_001','095_001'
'094_002','095_002'
'094_003','095_005'
'094_004','095_004'
'094_005','095_003'
'094_006','095_026'
'094_007','095_012'
'094_008','095_006'
'094_009','095_016'
'094_010','095_013'
'094_011','095_015'
'094_012','095_011'
'094_013','095_007'
'094_014','095_009'
'094_015','095_030'
'094_016','095_027'
'094_017','095_021'
'094_018','095_010'
'094_019','095_020'
'094_020','095_019'
'094_021','095_014'
'094_022','095_008'
'094_023','095_031'
'094_024','095_024'
'094_025','095_028'
'094_026','095_032'
'094_027','095_022'
'094_028','095_018'
'094_029','095_034'
'094_030','095_023'
'094_031','095_017'
'094_032','095_037'
'094_033','095_035'
'094_034','095_038'
'094_035','095_029'
'094_036','095_033'
'094_037','095_041'
'094_038','095_040'
'094_039','095_025'
'094_040','095_039'
'094_068','095_036'
'095_001','096_003'
'095_002','096_002'
'095_003','096_013'
'095_004','096_008'
'095_005','096_001'
'095_006','096_011'
'095_007','096_015'
'095_008','096_021'
'095_009','096_005'
'095_010','096_017'
'095_011','096_020'
'095_012','096_004'
'095_013','096_018'
'095_014','096_036'
'095_015','096_019'
'095_016','096_009'
'095_017','096_026'
'095_018','096_044'
'095_019','096_012'
'095_020','096_025'
'095_021','096_034'
'095_022','096_024'
'095_023','096_030'
'095_024','096_007'
'095_025','096_033'
'095_025','096_040'
'095_026','096_028'
'095_027','096_006'
'095_028','096_032'
'095_029','096_035'
'095_030','096_016'
'095_031','096_014'
'095_032','096_042'
'095_033','096_037'
'095_034','096_039'
'095_035','096_031'
'095_036','096_027'
'095_037','096_022'
'095_038','096_029'
'095_038','096_041'
'095_039','096_010'
'095_040','096_023'
'095_041','096_038'
'096_001','097_002'
'096_002','097_003'
'096_003','097_001'
'096_004','097_005'
'096_005','097_010'
'096_006','097_024'
'096_007','097_014'
'096_008','097_004'
'096_009','097_019'
'096_010','097_012'
'096_011','097_011'
'096_012','097_006'
'096_013','097_008'
'096_014','097_013'
'096_015','097_023'
'096_016','097_029'
'096_017','097_027'
'096_018','097_007'
'096_019','097_017'
'096_020','097_015'
'096_021','097_009'
'096_022','097_034'
'096_023','097_035'
'096_024','097_032'
'096_025','097_016'
'096_026','097_021'
'096_027','097_018'
'096_028','097_031'
'096_029','097_022'
'096_030','097_020'
'096_031','097_038'
'096_032','097_030'
'096_033','097_039'
'096_034','097_028'
'096_035','097_040'
'096_036','097_026'
'096_037','097_025'
'096_038','097_043'
'096_039','097_037'
'096_040','097_033'
'096_041','097_036'
'096_042','097_042'
'096_044','097_041'
'096_044','097_069'
'097_001','098_001'
'097_002','098_002'
'097_003','098_009'
'097_004','098_022'
'097_005','098_023'
'097_006','098_006'
'097_007','098_031'
'097_008','098_008'
'097_009','098_021'
'097_010','098_033'
'097_011','098_019'
'097_012','098_034'
'097_013','098_010'
'097_014','098_005'
'097_015','098_028'
'097_016','098_041'
'097_017','098_003'
'097_018','098_070'
'097_019','098_011'
'097_020','098_015'
'097_021','098_017'
'097_022','098_018'
'097_023','098_016'
'097_024','098_042'
'097_024','098_043'
'097_025','098_014'
'097_026','098_024'
'097_027','098_012'
'097_028','098_026'
'097_029','098_025'
'097_030','098_032'
'097_031','098_027'
'097_032','098_007'
'097_033','098_029'
'097_034','098_020'
'097_035','098_004'
'097_036','098_038'
'097_037','098_039'
'097_038','098_035'
'097_039','098_013'
'097_040','098_040'
'097_041','098_071'
'097_042','098_044'
'097_043','098_037'
'097_069','098_036'
'098_001','099_003'
'098_002','099_009'
'098_003','099_002'
'098_004','099_041'
'098_005','099_001'
'098_006','099_010'
'098_007','099_037'
'098_008','099_024'
'098_009','099_013'
'098_010','099_020'
'098_011','099_023'
'098_012','099_014'
'098_013','099_043'
'098_014','099_027'
'098_015','099_018'
'098_016','099_042'
'098_016','099_045'
'098_017','099_022'
'098_018','099_021'
'098_019','099_029'
'098_020','099_034'
'098_021','099_005'
'098_022','099_008'
'098_023','099_006'
'098_024','099_012'
'098_025','099_044'
'098_025','099_047'
'098_026','099_026'
'098_027','099_007'
'098_028','099_011'
'098_029','099_004'
'098_031','099_015'
'098_032','099_019'
'098_033','099_030'
'098_034','099_039'
'098_035','099_036'
'098_036','099_035'
'098_037','099_028'
'098_038','099_025'
'098_039','099_016'
'098_040','099_017'
'098_041','099_033'
'098_042','099_031'
'098_043','099_040'
'098_044','099_046'
'098_070','099_038'
'098_071','099_032'
'099_001','100_001'
'099_002','100_024'
'099_003','100_029'
'099_004','100_014'
'099_005','100_005'
'099_006','100_002'
'099_007','100_010'
'099_008','100_011'
'099_009','100_008'
'099_010','100_016'
'099_011','100_022'
'099_012','100_043'
'099_013','100_007'
'099_014','100_033'
'099_015','100_006'
'099_016','100_018'
'099_017','100_013'
'099_018','100_012'
'099_019','100_009'
'099_020','100_004'
'099_021','100_015'
'099_022','100_036'
'099_023','100_003'
'099_024','100_030'
'099_025','100_032'
'099_026','100_019'
'099_027','100_031'
'099_028','100_026'
'099_029','100_023'
'099_030','100_042'
'099_031','100_028'
'099_032','100_038'
'099_033','100_027'
'099_034','100_025'
'099_035','100_034'
'099_036','100_020'
'099_037','100_035'
'099_038','100_039'
'099_039','100_041'
'099_040','100_017'
'099_041','100_037'
'099_042','100_021'
'099_043','100_045'
'099_044','100_044'
'099_045','100_040'
'099_046','100_048'
'099_047','100_047'
'100_001','101_025'
'100_002','101_003'
'100_003','101_010'
'100_004','101_007'
'100_005','101_001'
'100_006','101_006'
'100_007','101_005'
'100_008','101_017'
'100_009','101_015'
'100_010','101_011'
'100_011','101_004'
'100_012','101_039'
'100_013','101_002'
'100_014','101_019'
'100_015','101_009'
'100_016','101_045'
'100_016','101_048'
'100_017','101_027'
'100_018','101_022'
'100_019','101_008'
'100_020','101_021'
'100_021','101_014'
'100_022','101_016'
'100_023','101_012'
'100_024','101_032'
'100_025','101_037'
'100_026','101_030'
'100_027','101_041'
'100_027','101_043'
'100_028','101_013'
'100_029','101_036'
'100_030','101_020'
'100_031','101_028'
'100_032','101_034'
'100_033','101_031'
'100_034','101_033'
'100_035','101_029'
'100_036','101_018'
'100_037','101_023'
'100_038','101_026'
'100_039','101_038'
'100_040','101_044'
'100_041','101_035'
'100_042','101_040'
'100_043','101_024'
'100_044','101_046'
'100_045','101_042'
'100_047','101_072'
'100_048','101_047'
'101_001','102_006'
'101_002','102_025'
'101_003','102_024'
'101_004','102_004'
'101_005','102_023'
'101_006','102_015'
'101_007','102_013'
'101_008','102_027'
'101_009','102_007'
'101_010','102_002'
'101_011','102_035'
'101_012','102_009'
'101_013','102_042'
'101_014','102_014'
'101_015','102_012'
'101_016','102_018'
'101_017','102_003'
'101_018','102_026'
'101_019','102_050'
'101_020','102_022'
'101_021','102_030'
'101_022','102_005'
'101_023','102_031'
'101_024','102_016'
'101_025','102_036'
'101_025','102_045'
'101_026','102_037'
'101_027','102_028'
'101_028','102_011'
'101_029','102_044'
'101_030','102_010'
'101_031','102_029'
'101_032','102_017'
'101_033','102_021'
'101_034','102_033'
'101_035','102_040'
'101_036','102_039'
'101_037','102_020'
'101_038','102_048'
'101_039','102_008'
'101_040','102_019'
'101_041','102_049'
'101_042','102_041'
'101_043','102_038'
'101_044','102_034'
'101_045','102_001'
'101_046','102_046'
'101_047','102_047'
'101_048','102_032'
'101_072','102_043'
'102_001','103_005'
'102_002','103_001'
'102_003','103_002'
'102_004','103_004'
'102_005','103_008'
'102_006','103_009'
'102_007','103_007'
'102_008','103_011'
'102_009','103_010'
'102_010','103_021'
'102_011','103_073'
'102_012','103_012'
'102_013','103_017'
'102_014','103_029'
'102_015','103_025'
'102_016','103_006'
'102_017','103_032'
'102_018','103_014'
'102_019','103_024'
'102_020','103_015'
'102_021','103_026'
'102_022','103_039'
'102_023','103_049'
'102_024','103_034'
'102_025','103_030'
'102_026','103_016'
'102_027','103_022'
'102_028','103_035'
'102_029','103_018'
'102_030','103_031'
'102_031','103_043'
'102_032','103_023'
'102_033','103_040'
'102_034','103_019'
'102_035','103_013'
'102_036','103_038'
'102_037','103_020'
'102_038','103_036'
'102_039','103_047'
'102_040','103_042'
'102_041','103_045'
'102_042','103_048'
'102_043','103_050'
'102_044','103_074'
'102_045','103_028'
'102_046','103_037'
'102_047','103_044'
'102_048','103_027'
'102_049','103_046'
'102_050','103_033'
'103_001','104_005'
'103_002','104_015'
'103_004','104_002'
'103_005','104_016'
'103_006','104_013'
'103_007','104_024'
'103_008','104_004'
'103_009','104_003'
'103_010','104_017'
'103_011','104_020'
'103_012','104_007'
'103_013','104_006'
'103_014','104_018'
'103_015','104_028'
'103_016','104_023'
'103_017','104_019'
'103_018','104_027'
'103_019','104_040'
'103_020','104_008'
'103_021','104_032'
'103_022','104_014'
'103_023','104_025'
'103_024','104_009'
'103_025','104_043'
'103_025','104_050'
'103_026','104_022'
'103_027','104_012'
'103_028','104_051'
'103_029','104_048'
'103_030','104_045'
'103_030','104_047'
'103_031','104_034'
'103_032','104_010'
'103_033','104_021'
'103_034','104_044'
'103_034','104_075'
'103_035','104_031'
'103_036','104_011'
'103_037','104_029'
'103_038','104_039'
'103_039','104_033'
'103_040','104_026'
'103_042','104_038'
'103_043','104_037'
'103_044','104_035'
'103_045','104_046'
'103_046','104_041'
'103_047','104_030'
'103_048','104_036'
'103_049','104_052'
'103_049','104_077'
'103_050','104_049'
'103_073','104_079'
'103_074','104_080'
'104_002','105_047'
'104_003','105_003'
'104_004','105_005'
'104_005','105_002'
'104_006','105_007'
'104_007','105_022'
'104_008','105_023'
'104_009','105_009'
'104_010','105_006'
'104_011','105_019'
'104_012','105_029'
'104_013','105_018'
'104_014','105_017'
'104_015','105_004'
'104_016','105_024'
'104_017','105_021'
'104_018','105_016'
'104_019','105_012'
'104_020','105_010'
'104_021','105_025'
'104_022','105_015'
'104_023','105_008'
'104_024','105_028'
'104_025','105_011'
'104_026','105_027'
'104_027','105_020'
'104_028','105_013'
'104_029','105_041'
'104_030','105_032'
'104_031','105_034'
'104_032','105_039'
'104_033','105_053'
'104_034','105_040'
'104_035','105_036'
'104_036','105_045'
'104_037','105_026'
'104_038','105_038'
'104_039','105_031'
'104_040','105_014'
'104_041','105_030'
'104_043','105_049'
'104_044','105_048'
'104_045','105_033'
'104_046','105_052'
'104_047','105_046'
'104_048','105_043'
'104_049','105_035'
'104_050','105_054'
'104_051','105_050'
'104_052','105_044'
'104_075','105_042'
'104_077','105_037'
'104_079','105_081'
'104_080','105_082'
'105_002','106_022'
'105_003','106_011'
'105_004','106_010'
'105_005','106_012'
'105_006','106_019'
'105_007','106_276'
'105_008','106_005'
'105_009','106_007'
'105_010','106_001'
'105_011','106_027'
'105_012','106_008'
'105_013','106_033'
'105_014','106_023'
'105_015','106_020'
'105_016','106_013'
'105_017','106_016'
'105_018','106_015'
'105_019','106_084'
'105_020','106_006'
'105_021','106_017'
'105_022','106_002'
'105_023','106_018'
'105_024','106_043'
'105_025','106_004'
'105_026','106_083'
'105_027','106_034'
'105_028','106_009'
'105_029','106_024'
'105_030','106_041'
'105_031','106_029'
'105_032','106_032'
'105_033','106_028'
'105_034','106_039'
'105_035','106_042'
'105_036','106_036'
'105_037','106_026'
'105_038','106_044'
'105_039','106_047'
'105_040','106_049'
'105_041','106_030'
'105_042','106_050'
'105_043','106_046'
'105_044','106_031'
'105_045','106_052'
'105_046','106_045'
'105_047','106_085'
'105_047','106_277'
'105_048','106_035'
'105_049','106_040'
'105_050','106_048'
'105_052','106_053'
'105_053','106_038'
'105_054','106_025'
'105_081','106_037'
'105_082','106_014'
'106_001','107_017'
'106_002','107_013'
'106_004','107_016'
'106_005','107_006'
'106_006','107_004'
'106_007','107_007'
'106_008','107_031'
'106_009','107_005'
'106_010','107_001'
'106_011','107_002'
'106_012','107_003'
'106_013','107_009'
'106_014','107_015'
'106_015','107_028'
'106_016','107_039'
'106_017','107_008'
'106_018','107_019'
'106_019','107_011'
'106_020','107_018'
'106_022','107_012'
'106_023','107_024'
'106_024','107_026'
'106_025','107_030'
'106_026','107_035'
'106_027','107_042'
'106_028','107_041'
'106_029','107_029'
'106_030','107_025'
'106_031','107_027'
'106_032','107_034'
'106_033','107_020'
'106_034','107_036'
'106_035','107_032'
'106_036','107_037'
'106_037','107_021'
'106_038','107_040'
'106_039','107_038'
'106_040','107_022'
'106_041','107_033'
'106_042','107_044'
'106_043','107_023'
'106_044','107_049'
'106_045','107_050'
'106_046','107_043'
'106_047','107_045'
'106_048','107_046'
'106_049','107_048'
'106_050','107_051'
'106_052','107_088'
'106_053','107_053'
'106_083','107_086'
'106_084','107_087'
'106_085','107_047'
'106_276','107_010'
'106_277','107_089'
'107_001','108_008'
'107_002','108_004'
'107_003','108_045'
'107_004','108_029'
'107_005','108_003'
'107_006','108_014'
'107_007','108_001'
'107_008','108_031'
'107_009','108_027'
'107_010','108_091'
'107_011','108_005'
'107_012','108_032'
'107_013','108_016'
'107_015','108_024'
'107_016','108_006'
'107_017','108_023'
'107_018','108_044'
'107_019','108_009'
'107_020','108_018'
'107_021','108_013'
'107_022','108_017'
'107_023','108_037'
'107_024','108_010'
'107_025','108_038'
'107_026','108_007'
'107_027','108_020'
'107_028','108_041'
'107_029','108_040'
'107_030','108_046'
'107_031','108_015'
'107_032','108_034'
'107_033','108_049'
'107_034','108_025'
'107_035','108_011'
'107_036','108_039'
'107_037','108_043'
'107_038','108_030'
'107_039','108_026'
'107_040','108_090'
'107_041','108_033'
'107_042','108_047'
'107_043','108_021'
'107_044','108_019'
'107_045','108_048'
'107_046','108_042'
'107_047','108_035'
'107_048','108_053'
'107_049','108_052'
'107_050','108_012'
'107_051','108_022'
'107_053','108_051'
'107_086','108_093'
'107_087','108_094'
'107_088','108_054'
'107_089','108_036'
'108_001','109_005'
'108_003','109_004'
'108_004','109_002'
'108_005','109_041'
'108_006','109_012'
'108_007','109_023'
'108_008','109_010'
'108_009','109_016'
'108_010','109_003'
'108_011','109_019'
'108_012','109_006'
'108_013','109_015'
'108_014','109_009'
'108_015','109_014'
'108_016','109_017'
'108_017','109_031'
'108_018','109_018'
'108_019','109_035'
'108_020','109_007'
'108_021','109_008'
'108_022','109_036'
'108_023','109_020'
'108_024','109_022'
'108_025','109_013'
'108_026','109_029'
'108_027','109_030'
'108_029','109_011'
'108_030','109_025'
'108_031','109_033'
'108_032','109_028'
'108_033','109_021'
'108_034','109_024'
'108_035','109_037'
'108_036','109_026'
'108_037','109_027'
'108_038','109_038'
'108_039','109_034'
'108_040','109_032'
'108_041','109_046'
'108_042','109_042'
'108_043','109_040'
'108_044','109_047'
'108_045','109_043'
'108_046','109_045'
'108_047','109_044'
'108_048','109_049'
'108_049','109_050'
'108_051','109_052'
'108_052','109_051'
'108_053','109_097'
'108_054','109_100'
'108_090','109_098'
'108_091','109_099'
'108_093','109_095'
'108_094','109_096'
'109_002','110_010'
'109_003','110_017'
'109_004','110_037'
'109_005','110_019'
'109_006','110_025'
'109_007','110_012'
'109_008','110_004'
'109_009','110_034'
'109_010','110_011'
'109_011','110_022'
'109_012','110_007'
'109_013','110_008'
'109_014','110_003'
'109_015','110_030'
'109_016','110_006'
'109_017','110_023'
'109_018','110_045'
'109_019','110_036'
'109_020','110_042'
'109_021','110_020'
'109_022','110_028'
'109_023','110_035'
'109_024','110_009'
'109_025','110_026'
'109_026','110_031'
'109_027','110_043'
'109_028','110_005'
'109_029','110_014'
'109_030','110_048'
'109_031','110_016'
'109_032','110_013'
'109_033','110_027'
'109_034','110_015'
'109_035','110_002'
'109_036','110_040'
'109_037','110_021'
'109_038','110_039'
'109_040','110_041'
'109_041','110_029'
'109_042','110_024'
'109_043','110_018'
'109_044','110_032'
'109_045','110_046'
'109_046','110_044'
'109_047','110_047'
'109_049','110_050'
'109_050','110_052'
'109_051','110_051'
'109_052','110_053'
'109_095','110_103'
'109_096','110_104'
'109_097','110_101'
'109_098','110_033'
'109_099','110_001'
'109_100','110_102'
'110_001','111_004'
'110_002','111_002'
'110_003','111_012'
'110_004','111_011'
'110_005','111_006'
'110_006','111_010'
'110_007','111_025'
'110_008','111_052'
'110_008','111_110'
'110_009','111_030'
'110_010','111_050'
'110_011','111_005'
'110_012','111_001'
'110_013','111_007'
'110_014','111_032'
'110_015','111_024'
'110_016','111_018'
'110_017','111_033'
'110_018','111_048'
'110_019','111_045'
'110_019','111_108'
'110_020','111_031'
'110_021','111_029'
'110_022','111_008'
'110_023','111_015'
'110_024','111_003'
'110_025','111_034'
'110_026','111_009'
'110_027','111_016'
'110_028','111_019'
'110_029','111_013'
'110_030','111_020'
'110_031','111_022'
'110_032','111_037'
'110_033','111_027'
'110_034','111_023'
'110_035','111_014'
'110_036','111_035'
'110_037','111_044'
'110_039','111_041'
'110_040','111_021'
'110_041','111_042'
'110_042','111_028'
'110_043','111_043'
'110_044','111_038'
'110_045','111_026'
'110_046','111_036'
'110_047','111_039'
'110_048','111_040'
'110_050','111_046'
'110_051','111_051'
'110_052','111_047'
'110_053','111_109'
'110_101','111_107'
'110_102','111_053'
'110_103','111_105'
'110_104','111_106'
'111_001','112_114'
'111_002','112_011'
'111_003','112_013'
'111_004','112_004'
'111_005','112_012'
'111_006','112_007'
'111_007','112_014'
'111_008','112_005'
'111_009','112_038'
'111_010','112_009'
'111_011','112_016'
'111_012','112_032'
'111_013','112_035'
'111_013','112_053'
'111_014','112_021'
'111_015','112_006'
'111_016','112_027'
'111_018','112_015'
'111_019','112_022'
'111_020','112_019'
'111_021','112_040'
'111_022','112_003'
'111_023','112_010'
'111_024','112_002'
'111_025','112_018'
'111_026','112_047'
'111_027','112_026'
'111_028','112_042'
'111_029','112_044'
'111_030','112_025'
'111_031','112_116'
'111_032','112_028'
'111_033','112_034'
'111_034','112_113'
'111_035','112_020'
'111_036','112_052'
'111_037','112_024'
'111_038','112_030'
'111_039','112_041'
'111_040','112_037'
'111_041','112_023'
'111_042','112_045'
'111_043','112_031'
'111_044','112_050'
'111_045','112_115'
'111_046','112_117'
'111_047','112_112'
'111_048','112_033'
'111_048','112_048'
'111_050','112_029'
'111_051','112_049'
'111_052','112_039'
'111_053','112_054'
'111_105','112_036'
'111_106','112_017'
'111_107','112_111'
'111_108','112_055'
'111_109','112_046'
'111_110','112_051'
'112_002','113_016'
'112_003','113_017'
'112_004','113_001'
'112_005','113_022'
'112_006','113_010'
'112_007','113_018'
'112_009','113_025'
'112_010','113_019'
'112_011','113_005'
'112_012','113_006'
'112_013','113_003'
'112_014','113_011'
'112_015','113_012'
'112_016','113_009'
'112_017','113_029'
'112_018','113_036'
'112_019','113_013'
'112_020','113_020'
'112_021','113_021'
'112_022','113_027'
'112_023','113_015'
'112_024','113_026'
'112_025','113_038'
'112_026','113_033'
'112_027','113_024'
'112_028','113_042'
'112_029','113_048'
'112_030','113_023'
'112_031','113_032'
'112_032','113_034'
'112_033','113_035'
'112_034','113_008'
'112_035','113_037'
'112_036','113_028'
'112_037','113_030'
'112_038','113_014'
'112_039','113_040'
'112_040','113_007'
'112_041','113_050'
'112_042','113_044'
'112_044','113_046'
'112_045','113_045'
'112_046','113_051'
'112_047','113_041'
'112_048','113_039'
'112_049','113_054'
'112_050','113_031'
'112_051','113_049'
'112_052','113_043'
'112_053','113_047'
'112_054','113_055'
'112_055','113_052'
'112_111','113_119'
'112_112','113_120'
'112_113','113_122'
'112_114','113_123'
'112_115','113_121'
'112_116','113_118'
'112_117','113_053'
'113_001','114_002'
'113_003','114_009'
'113_005','114_003'
'113_006','114_018'
'113_007','114_029'
'113_008','114_011'
'113_009','114_007'
'113_010','114_006'
'113_011','114_012'
'113_012','114_024'
'113_013','114_015'
'113_014','114_043'
'113_015','114_023'
'113_016','114_014'
'113_017','114_045'
'113_018','114_013'
'113_019','114_039'
'113_020','114_054'
'113_021','114_022'
'113_022','114_126'
'113_023','114_047'
'113_024','114_016'
'113_025','114_001'
'113_026','114_025'
'113_027','114_019'
'113_028','114_052'
'113_029','114_038'
'113_030','114_034'
'113_031','114_010'
'113_032','114_017'
'113_033','114_027'
'113_034','114_032'
'113_035','114_057'
'113_036','114_026'
'113_037','114_048'
'113_038','114_036'
'113_039','114_033'
'113_040','114_050'
'113_041','114_030'
'113_042','114_037'
'113_043','114_040'
'113_044','114_041'
'113_045','114_044'
'113_046','114_051'
'113_047','114_021'
'113_048','114_020'
'113_048','114_055'
'113_049','114_125'
'113_050','114_042'
'113_051','114_031'
'113_052','114_028'
'113_053','114_056'
'113_054','114_049'
'113_055','114_058'
'113_118','114_005'
'113_119','114_124'
'113_120','114_059'
'113_121','114_008'
'113_122','114_046'
'113_123','114_004'
'114_001','115_013'
'114_002','115_004'
'114_003','115_012'
'114_004','115_026'
'114_005','115_011'
'114_006','115_018'
'114_007','115_035'
'114_008','115_008'
'114_009','115_015'
'114_010','115_032'
'114_011','115_016'
'114_012','115_010'
'114_013','115_025'
'114_014','115_039'
'114_015','115_005'
'114_016','115_040'
'114_017','115_033'
'114_018','115_020'
'114_019','115_051'
'114_020','115_014'
'114_021','115_130'
'114_022','115_021'
'114_023','115_019'
'114_024','115_046'
'114_025','115_027'
'114_026','115_009'
'114_027','115_022'
'114_028','115_048'
'114_029','115_023'
'114_030','115_028'
'114_031','115_133'
'114_032','115_047'
'114_033','115_003'
'114_034','115_001'
'114_036','115_017'
'114_037','115_029'
'114_038','115_024'
'114_039','115_031'
'114_040','115_034'
'114_041','115_030'
'114_042','115_127'
'114_043','115_055'
'114_044','115_043'
'114_045','115_042'
'114_046','115_007'
'114_047','115_044'
'114_048','115_038'
'114_049','115_131'
'114_050','115_049'
'114_051','115_128'
'114_052','115_056'
'114_054','115_129'
'114_055','115_045'
'114_056','115_132'
'114_057','115_037'
'114_058','115_036'
'114_059','115_041'
'114_124','115_050'
'114_125','115_053'
'114_126','115_052'
'115_001','116_021'
'115_003','116_019'
'115_004','116_009'
'115_005','116_008'
'115_007','116_035'
'115_008','116_012'
'115_009','116_051'
'115_010','116_004'
'115_011','116_006'
'115_012','116_048'
'115_013','116_016'
'115_014','116_010'
'115_015','116_041'
'115_016','116_013'
'115_017','116_025'
'115_018','116_011'
'115_019','116_135'
'115_020','116_023'
'115_021','116_027'
'115_022','116_043'
'115_023','116_032'
'115_024','116_007'
'115_025','116_033'
'115_026','116_005'
'115_027','116_020'
'115_028','116_138'
'115_029','116_028'
'115_030','116_137'
'115_031','116_046'
'115_032','116_015'
'115_033','116_031'
'115_034','116_047'
'115_035','116_029'
'115_036','116_040'
'115_037','116_037'
'115_038','116_038'
'115_039','116_022'
'115_040','116_017'
'115_041','116_049'
'115_042','116_042'
'115_043','116_140'
'115_044','116_045'
'115_045','116_054'
'115_046','116_034'
'115_047','116_024'
'115_048','116_018'
'115_049','116_044'
'115_050','116_003'
'115_051','116_056'
'115_052','116_134'
'115_053','116_053'
'115_055','116_039'
'115_056','116_055'
'115_127','116_136'
'115_128','116_001'
'115_129','116_030'
'115_130','116_026'
'115_131','116_050'
'115_132','116_052'
'115_133','116_139'
'116_001','117_278'
'116_003','117_013'
'116_004','117_022'
'116_005','117_008'
'116_006','117_004'
'116_007','117_010'
'116_008','117_037'
'116_009','117_018'
'116_010','117_006'
'116_011','117_030'
'116_012','117_005'
'116_013','117_016'
'116_015','117_027'
'116_016','117_026'
'116_017','117_038'
'116_018','117_029'
'116_019','117_031'
'116_020','117_025'
'116_021','117_049'
'116_022','117_041'
'116_023','117_023'
'116_024','117_014'
'116_025','117_024'
'116_026','117_021'
'116_027','117_044'
'116_028','117_033'
'116_029','117_007'
'116_030','117_009'
'116_031','117_034'
'116_032','117_003'
'116_033','117_053'
'116_034','117_039'
'116_035','117_017'
'116_037','117_028'
'116_038','117_036'
'116_039','117_032'
'116_040','117_144'
'116_041','117_043'
'116_042','117_011'
'116_043','117_047'
'116_044','117_054'
'116_045','117_040'
'116_046','117_015'
'116_047','117_012'
'116_048','117_048'
'116_049','117_055'
'116_050','117_056'
'116_051','117_145'
'116_052','117_046'
'116_053','117_057'
'116_054','117_042'
'116_055','117_019'
'116_056','117_020'
'116_134','117_052'
'116_135','117_002'
'116_136','117_141'
'116_137','117_142'
'116_138','117_143'
'116_139','117_045'
'116_140','117_050'
'117_002','118_001'
'117_003','118_012'
'117_004','118_002'
'117_005','118_013'
'117_006','118_008'
'117_007','118_020'
'117_008','118_045'
'117_009','118_021'
'117_010','118_004'
'117_011','118_049'
'117_012','118_036'
'117_013','118_031'
'117_014','118_029'
'117_015','118_006'
'117_016','118_016'
'117_017','118_154'
'117_018','118_019'
'117_019','118_025'
'117_020','118_035'
'117_021','118_149'
'117_022','118_014'
'117_023','118_040'
'117_024','118_155'
'117_025','118_048'
'117_026','118_023'
'117_027','118_005'
'117_028','118_042'
'117_029','118_026'
'117_030','118_018'
'117_031','118_017'
'117_032','118_011'
'117_033','118_027'
'117_034','118_022'
'117_036','118_010'
'117_037','118_151'
'117_038','118_032'
'117_039','118_037'
'117_040','118_053'
'117_041','118_041'
'117_042','118_033'
'117_043','118_038'
'117_044','118_028'
'117_045','118_043'
'117_046','118_034'
'117_047','118_030'
'117_048','118_039'
'117_049','118_007'
'117_050','118_153'
'117_052','118_052'
'117_053','118_148'
'117_054','118_046'
'117_055','118_054'
'117_056','118_050'
'117_057','118_044'
'117_141','118_146'
'117_142','118_024'
'117_143','118_150'
'117_144','118_152'
'117_145','118_051'
'117_278','118_147'
'118_001','119_004'
'118_002','119_002'
'118_004','119_001'
'118_005','119_009'
'118_006','119_161'
'118_007','119_021'
'118_008','119_011'
'118_010','119_023'
'118_011','119_024'
'118_012','119_036'
'118_013','119_008'
'118_014','119_019'
'118_016','119_018'
'118_017','119_025'
'118_018','119_012'
'118_019','119_010'
'118_020','119_013'
'118_021','119_015'
'118_022','119_017'
'118_023','119_020'
'118_024','119_022'
'118_025','119_030'
'118_026','119_031'
'118_027','119_026'
'118_028','119_157'
'118_029','119_035'
'118_030','119_041'
'118_031','119_016'
'118_032','119_040'
'118_033','119_032'
'118_034','119_042'
'118_035','119_037'
'118_036','119_046'
'118_037','119_028'
'118_038','119_038'
'118_039','119_033'
'118_040','119_156'
'118_041','119_162'
'118_042','119_045'
'118_043','119_014'
'118_044','119_050'
'118_045','119_027'
'118_046','119_053'
'118_048','119_044'
'118_049','119_034'
'118_050','119_047'
'118_051','119_054'
'118_052','119_048'
'118_053','119_052'
'118_054','119_051'
'118_146','119_043'
'118_147','119_005'
'118_148','119_158'
'118_149','119_039'
'118_150','119_163'
'118_151','119_164'
'118_152','119_165'
'118_153','119_166'
'118_154','119_159'
'118_155','119_160'
'119_001','120_005'
'119_002','120_003'
'119_004','120_012'
'119_005','120_029'
'119_008','120_009'
'119_009','120_006'
'119_010','120_010'
'119_011','120_021'
'119_012','120_018'
'119_013','120_013'
'119_014','120_050'
'119_015','120_007'
'119_016','120_023'
'119_017','120_027'
'119_018','120_014'
'119_019','120_025'
'119_020','120_011'
'119_021','120_017'
'119_022','120_034'
'119_023','120_015'
'119_024','120_019'
'119_025','120_020'
'119_026','120_039'
'119_027','120_008'
'119_028','120_022'
'119_030','120_024'
'119_031','120_032'
'119_032','120_026'
'119_033','120_040'
'119_034','120_031'
'119_035','120_049'
'119_036','120_168'
'119_037','120_042'
'119_038','120_030'
'119_039','120_167'
'119_040','120_036'
'119_041','120_038'
'119_042','120_041'
'119_043','120_028'
'119_044','120_043'
'119_045','120_035'
'119_046','120_037'
'119_047','120_052'
'119_048','120_045'
'119_050','120_051'
'119_051','120_054'
'119_052','120_048'
'119_053','120_047'
'119_054','120_173'
'119_156','120_046'
'119_157','120_033'
'119_158','120_053'
'119_159','120_175'
'119_160','120_176'
'119_161','120_171'
'119_162','120_172'
'119_163','120_169'
'119_164','120_170'
'119_165','120_174'
'119_166','120_055'
'120_003','121_002'
'120_005','121_010'
'120_006','121_005'
'120_007','121_017'
'120_008','121_014'
'120_009','121_015'
'120_010','121_007'
'120_011','121_008'
'120_012','121_003'
'120_013','121_018'
'120_014','121_026'
'120_015','121_006'
'120_017','121_032'
'120_018','121_012'
'120_019','121_019'
'120_020','121_013'
'120_021','121_022'
'120_022','121_037'
'120_023','121_038'
'120_024','121_001'
'120_025','121_025'
'120_026','121_034'
'120_027','121_024'
'120_028','121_039'
'120_029','121_028'
'120_030','121_016'
'120_031','121_041'
'120_032','121_021'
'120_033','121_020'
'120_034','121_023'
'120_035','121_030'
'120_036','121_027'
'120_037','121_029'
'120_038','121_047'
'120_039','121_031'
'120_040','121_045'
'120_041','121_042'
'120_042','121_035'
'120_043','121_044'
'120_045','121_048'
'120_046','121_049'
'120_047','121_052'
'120_048','121_043'
'120_049','121_046'
'120_050','121_036'
'120_051','121_050'
'120_052','121_053'
'120_053','121_055'
'120_054','121_051'
'120_055','121_054'
'120_167','121_177'
'120_168','121_178'
'120_169','121_179'
'120_170','121_180'
'120_171','121_181'
'120_172','121_182'
'120_173','121_185'
'120_174','121_186'
'120_175','121_183'
'120_176','121_184'
'121_001','122_004'
'121_002','122_001'
'121_003','122_009'
'121_005','122_017'
'121_006','122_002'
'121_007','122_014'
'121_008','122_010'
'121_010','122_016'
'121_012','122_013'
'121_013','122_005'
'121_014','122_015'
'121_015','122_018'
'121_016','122_023'
'121_017','122_187'
'121_018','122_035'
'121_019','122_021'
'121_020','122_050'
'121_021','122_012'
'121_022','122_020'
'121_023','122_044'
'121_024','122_032'
'121_025','122_007'
'121_026','122_037'
'121_027','122_024'
'121_028','122_006'
'121_029','122_046'
'121_030','122_036'
'121_031','122_041'
'121_032','122_038'
'121_034','122_040'
'121_035','122_030'
'121_036','122_029'
'121_037','122_034'
'121_038','122_048'
'121_039','122_031'
'121_041','122_026'
'121_042','122_054'
'121_043','122_028'
'121_044','122_019'
'121_045','122_052'
'121_046','122_053'
'121_047','122_039'
'121_048','122_055'
'121_049','122_045'
'121_050','122_051'
'121_051','122_043'
'121_052','122_209'
'121_053','122_049'
'121_054','122_192'
'121_055','122_208'
'121_177','122_188'
'121_178','122_022'
'121_179','122_003'
'121_180','122_027'
'121_181','122_025'
'121_182','122_033'
'121_183','122_189'
'121_184','122_190'
'121_185','122_191'
'121_186','122_193'
'122_001','123_003'
'122_002','123_001'
'122_003','123_005'
'122_004','123_004'
'122_005','123_017'
'122_006','123_014'
'122_007','123_002'
'122_009','123_013'
'122_010','123_011'
'122_012','123_023'
'122_013','123_007'
'122_014','123_009'
'122_015','123_045'
'122_016','123_012'
'122_017','123_016'
'122_018','123_008'
'122_019','123_030'
'122_020','123_025'
'122_021','123_020'
'122_022','123_033'
'122_023','123_029'
'122_024','123_028'
'122_025','123_032'
'122_026','123_027'
'122_027','123_018'
'122_028','123_039'
'122_029','123_022'
'122_030','123_046'
'122_031','123_037'
'122_032','123_024'
'122_033','123_021'
'122_034','123_038'
'122_035','123_040'
'122_036','123_034'
'122_037','123_015'
'122_038','123_019'
'122_039','123_050'
'122_040','123_026'
'122_041','123_044'
'122_043','123_047'
'122_044','123_052'
'122_045','123_051'
'122_046','123_053'
'122_048','123_041'
'122_049','123_049'
'122_050','123_042'
'122_051','123_035'
'122_052','123_043'
'122_053','123_054'
'122_054','123_198'
'122_055','123_048'
'122_187','123_010'
'122_188','123_279'
'122_189','123_195'
'122_190','123_196'
'122_191','123_055'
'122_192','123_056'
'122_193','123_197'
'122_208','123_194'
'122_209','123_036'
'123_001','124_007'
'123_002','124_017'
'123_003','124_006'
'123_004','124_014'
'123_005','124_010'
'123_007','124_019'
'123_008','124_004'
'123_009','124_012'
'123_010','124_199'
'123_011','124_015'
'123_012','124_018'
'123_013','124_021'
'123_014','124_011'
'123_015','124_054'
'123_016','124_008'
'123_017','124_002'
'123_018','124_202'
'123_019','124_025'
'123_020','124_028'
'123_021','124_022'
'123_022','124_041'
'123_023','124_023'
'123_024','124_034'
'123_025','124_029'
'123_026','124_033'
'123_027','124_035'
'123_028','124_044'
'123_029','124_005'
'123_030','124_042'
'123_032','124_027'
'123_033','124_203'
'123_034','124_049'
'123_035','124_043'
'123_036','124_047'
'123_037','124_020'
'123_038','124_032'
'123_039','124_031'
'123_040','124_030'
'123_041','124_045'
'123_042','124_009'
'123_043','124_026'
'123_044','124_037'
'123_045','124_206'
'123_046','124_038'
'123_047','124_046'
'123_048','124_024'
'123_049','124_053'
'123_050','124_039'
'123_051','124_040'
'123_052','124_201'
'123_053','124_036'
'123_054','124_048'
'123_055','124_207'
'123_056','124_211'
'123_194','124_052'
'123_195','124_204'
'123_196','124_205'
'123_197','124_212'
'123_198','124_050'
'123_279','124_200'
'124_004','125_006'
'124_005','125_026'
'124_006','125_012'
'124_007','125_007'
'124_008','125_003'
'124_009','125_045'
'124_010','125_018'
'124_011','125_004'
'124_012','125_005'
'124_014','125_002'
'124_015','125_016'
'124_017','125_015'
'124_018','125_031'
'124_019','125_014'
'124_020','125_013'
'124_021','125_022'
'124_022','125_020'
'124_023','125_027'
'124_024','125_044'
'124_025','125_010'
'124_026','125_017'
'124_027','125_025'
'124_028','125_051'
'124_029','125_038'
'124_030','125_019'
'124_031','125_028'
'124_032','125_040'
'124_033','125_034'
'124_034','125_030'
'124_035','125_037'
'124_036','125_033'
'124_037','125_048'
'124_038','125_039'
'124_039','125_035'
'124_040','125_042'
'124_041','125_036'
'124_042','125_021'
'124_043','125_029'
'124_044','125_053'
'124_045','125_050'
'124_046','125_041'
'124_047','125_046'
'124_048','125_049'
'124_049','125_047'
'124_050','125_055'
'124_052','125_224'
'124_053','125_054'
'124_054','125_011'
'124_199','125_214'
'124_200','125_215'
'124_201','125_216'
'124_202','125_217'
'124_203','125_218'
'124_204','125_280'
'124_205','125_281'
'124_206','125_032'
'124_207','125_223'
'124_211','125_052'
'124_212','125_056'
'124_002','125_008'
'125_002','126_014'
'125_003','126_005'
'125_004','126_011'
'125_005','126_003'
'125_006','126_013'
'125_007','126_009'
'125_008','126_006'
'125_010','126_047'
'125_011','126_228'
'125_012','126_004'
'125_013','126_028'
'125_014','126_023'
'125_015','126_026'
'125_016','126_015'
'125_017','126_031'
'125_018','126_016'
'125_019','126_339'
'125_020','126_012'
'125_021','126_030'
'125_022','126_017'
'125_025','126_022'
'125_026','126_227'
'125_027','126_021'
'125_028','126_010'
'125_029','126_041'
'125_030','126_029'
'125_031','126_018'
'125_032','126_049'
'125_033','126_044'
'125_034','126_033'
'125_035','126_032'
'125_036','126_053'
'125_037','126_020'
'125_038','126_048'
'125_039','126_037'
'125_040','126_036'
'125_041','126_034'
'125_042','126_043'
'125_044','126_007'
'125_045','126_025'
'125_046','126_052'
'125_047','126_051'
'125_048','126_038'
'125_049','126_050'
'125_050','126_042'
'125_051','126_046'
'125_052','126_233'
'125_053','126_054'
'125_054','126_234'
'125_055','126_035'
'125_056','126_235'
'125_214','126_024'
'125_215','126_027'
'125_216','126_225'
'125_217','126_226'
'125_218','126_340'
'125_223','126_232'
'125_224','126_040'
'125_280','126_230'
'125_281','126_229'
'126_003','127_005'
'126_004','127_004'
'126_005','127_002'
'126_006','127_011'
'126_007','127_050'
'126_007','127_237'
'126_009','127_013'
'126_010','127_018'
'126_011','127_008'
'126_012','127_026'
'126_013','127_010'
'126_014','127_003'
'126_015','127_017'
'126_016','127_021'
'126_017','127_029'
'126_018','127_038'
'126_020','127_023'
'126_021','127_014'
'126_022','127_016'
'126_023','127_012'
'126_024','127_024'
'126_025','127_020'
'126_026','127_009'
'126_027','127_019'
'126_028','127_030'
'126_029','127_022'
'126_030','127_028'
'126_031','127_027'
'126_032','127_015'
'126_033','127_041'
'126_034','127_044'
'126_035','127_049'
'126_036','127_034'
'126_037','127_037'
'126_038','127_047'
'126_040','127_039'
'126_041','127_045'
'126_042','127_043'
'126_043','127_040'
'126_044','127_032'
'126_046','127_053'
'126_047','127_236'
'126_048','127_052'
'126_049','127_033'
'126_050','127_046'
'126_051','127_035'
'126_052','127_036'
'126_053','127_042'
'126_054','127_242'
'126_225','127_426'
'126_226','127_338'
'126_227','127_427'
'126_228','127_239'
'126_229','127_241'
'126_230','127_282'
'126_232','127_051'
'126_233','127_244'
'126_234','127_245'
'126_235','127_054'
'126_339','127_031'
'126_340','127_025'
'127_002','128_001'
'127_003','128_011'
'127_004','128_008'
'127_005','128_009'
'127_008','128_016'
'127_009','128_015'
'127_010','128_005'
'127_011','128_013'
'127_012','128_019'
'127_013','128_006'
'127_014','128_017'
'127_015','128_027'
'127_016','128_029'
'127_017','128_031'
'127_018','128_004'
'127_019','128_018'
'127_020','128_022'
'127_021','128_007'
'127_022','128_039'
'127_023','128_040'
'127_024','128_047'
'127_025','128_038'
'127_026','128_020'
'127_027','128_034'
'127_028','128_024'
'127_029','128_014'
'127_030','128_036'
'127_031','128_012'
'127_032','128_025'
'127_033','128_050'
'127_034','128_021'
'127_035','128_028'
'127_036','128_052'
'127_037','128_023'
'127_038','128_032'
'127_039','128_041'
'127_040','128_045'
'127_041','128_030'
'127_042','128_026'
'127_043','128_044'
'127_044','128_433'
'127_045','128_046'
'127_046','128_430'
'127_047','128_431'
'127_049','128_055'
'127_050','128_043'
'127_051','128_254'
'127_052','128_432'
'127_053','128_048'
'127_054','128_054'
'127_236','128_053'
'127_236','128_246'
'127_237','128_035'
'127_239','128_248'
'127_241','128_250'
'127_242','128_251'
'127_244','128_252'
'127_245','128_253'
'127_282','128_249'
'127_338','128_429'
'127_426','128_428'
'127_427','128_247'
'128_001','129_436'
'128_004','129_007'
'128_005','129_005'
'128_006','129_009'
'128_007','129_006'
'128_008','129_004'
'128_009','129_012'
'128_011','129_022'
'128_012','129_015'
'128_013','129_011'
'128_014','129_017'
'128_015','129_016'
'128_016','129_008'
'128_017','129_014'
'128_018','129_013'
'128_019','129_029'
'128_020','129_024'
'128_021','129_035'
'128_022','129_032'
'128_023','129_025'
'128_024','129_036'
'128_025','129_030'
'128_026','129_023'
'128_027','129_020'
'128_028','129_021'
'128_029','129_033'
'128_030','129_040'
'128_031','129_038'
'128_032','129_019'
'128_034','129_034'
'128_035','129_037'
'128_036','129_028'
'128_038','129_041'
'128_039','129_026'
'128_040','129_010'
'128_041','129_049'
'128_043','129_044'
'128_044','129_043'
'128_045','129_039'
'128_046','129_046'
'128_047','129_048'
'128_048','129_050'
'128_050','129_255'
'128_052','129_042'
'128_053','129_434'
'128_054','129_051'
'128_055','129_045'
'128_246','129_261'
'128_247','129_256'
'128_248','129_257'
'128_249','129_259'
'128_250','129_258'
'128_251','129_054'
'128_252','129_262'
'128_253','129_263'
'128_254','129_053'
'128_428','129_437'
'128_429','129_438'
'128_430','129_052'
'128_431','129_031'
'128_432','129_047'
'128_433','129_018'
'129_004','130_010'
'129_005','130_018'
'129_006','130_002'
'129_007','130_017'
'129_008','130_265'
'129_009','130_009'
'129_010','130_014'
'129_011','130_011'
'129_012','130_004'
'129_013','130_022'
'129_014','130_024'
'129_015','130_005'
'129_016','130_015'
'129_017','130_013'
'129_018','130_043'
'129_019','130_028'
'129_020','130_032'
'129_021','130_025'
'129_022','130_045'
'129_023','130_016'
'129_024','130_037'
'129_025','130_019'
'129_026','130_029'
'129_028','130_036'
'129_029','130_026'
'129_030','130_049'
'129_031','130_033'
'129_032','130_020'
'129_033','130_034'
'129_034','130_021'
'129_035','130_035'
'129_036','130_012'
'129_037','130_038'
'129_038','130_031'
'129_039','130_264'
'129_040','130_023'
'129_041','130_030'
'129_042','130_041'
'129_043','130_052'
'129_044','130_042'
'129_045','130_051'
'129_046','130_047'
'129_047','130_027'
'129_048','130_055'
'129_049','130_050'
'129_050','130_273'
'129_051','130_056'
'129_052','130_044'
'129_053','130_054'
'129_054','130_048'
'129_255','130_040'
'129_256','130_267'
'129_257','130_268'
'129_258','130_269'
'129_259','130_270'
'129_261','130_266'
'129_262','130_053'
'129_263','130_274'
'129_434','130_039'
'129_436','130_001'
'129_437','130_341'
'129_438','130_342'
'130_001','131_292'
'130_002','131_004'
'130_004','131_009'
'130_005','131_012'
'130_009','131_006'
'130_010','131_007'
'130_011','131_011'
'130_012','131_010'
'130_013','131_015'
'130_014','131_440'
'130_015','131_008'
'130_016','131_019'
'130_017','131_032'
'130_018','131_013'
'130_019','131_018'
'130_020','131_031'
'130_021','131_022'
'130_022','131_024'
'130_023','131_034'
'130_024','131_025'
'130_025','131_017'
'130_026','131_023'
'130_027','131_044'
'130_028','131_020'
'130_029','131_026'
'130_030','131_047'
'130_031','131_029'
'130_032','131_021'
'130_033','131_030'
'130_034','131_033'
'130_035','131_027'
'130_036','131_038'
'130_037','131_040'
'130_038','131_039'
'130_039','131_035'
'130_040','131_291'
'130_041','131_036'
'130_042','131_042'
'130_043','131_037'
'130_044','131_043'
'130_045','131_041'
'130_047','131_050'
'130_048','131_053'
'130_049','131_048'
'130_050','131_028'
'130_051','131_045'
'130_052','131_051'
'130_053','131_285'
'130_054','131_054'
'130_055','131_052'
'130_056','131_284'
'130_264','131_294'
'130_265','131_293'
'130_266','131_439'
'130_267','131_290'
'130_268','131_289'
'130_269','131_288'
'130_270','131_287'
'130_273','131_055'
'130_274','131_286'
'130_341','131_295'
'130_342','131_296'
'131_004','132_003'
'131_006','132_009'
'131_007','132_006'
'131_008','132_014'
'131_009','132_007'
'131_010','132_015'
'131_011','132_005'
'131_012','132_002'
'131_013','132_012'
'131_015','132_011'
'131_017','132_030'
'131_018','132_037'
'131_019','132_035'
'131_020','132_031'
'131_021','132_026'
'131_022','132_017'
'131_023','132_013'
'131_024','132_023'
'131_025','132_027'
'131_026','132_016'
'131_027','132_033'
'131_028','132_044'
'131_029','132_034'
'131_030','132_029'
'131_031','132_021'
'131_032','132_036'
'131_033','132_039'
'131_034','132_028'
'131_035','132_022'
'131_036','132_019'
'131_037','132_025'
'131_038','132_038'
'131_039','132_041'
'131_040','132_040'
'131_041','132_052'
'131_042','132_047'
'131_043','132_042'
'131_044','132_048'
'131_045','132_049'
'131_047','132_020'
'131_048','132_032'
'131_050','132_046'
'131_051','132_045'
'131_052','132_051'
'131_053','132_050'
'131_054','132_311'
'131_055','132_053'
'131_284','132_297'
'131_285','132_299'
'131_286','132_298'
'131_287','132_300'
'131_288','132_301'
'131_289','132_302'
'131_290','132_305'
'131_291','132_304'
'131_292','132_303'
'131_293','132_308'
'131_294','132_310'
'131_295','132_307'
'131_296','132_306'
'131_439','132_309'
'131_440','132_018'
'132_002','133_002'
'132_003','133_011'
'132_005','133_004'
'132_006','133_006'
'132_007','133_015'
'132_009','133_009'
'132_011','133_013'
'132_012','133_012'
'132_013','133_014'
'132_014','133_017'
'132_015','133_010'
'132_016','133_021'
'132_017','133_008'
'132_018','133_016'
'132_019','133_030'
'132_020','133_037'
'132_021','133_018'
'132_022','133_027'
'132_023','133_020'
'132_025','133_042'
'132_026','133_024'
'132_027','133_025'
'132_028','133_029'
'132_029','133_035'
'132_030','133_023'
'132_031','133_033'
'132_032','133_028'
'132_033','133_032'
'132_034','133_038'
'132_035','133_019'
'132_036','133_031'
'132_037','133_034'
'132_038','133_043'
'132_039','133_040'
'132_040','133_026'
'132_041','133_041'
'132_042','133_046'
'132_044','133_044'
'132_045','133_045'
'132_046','133_049'
'132_047','133_050'
'132_048','133_039'
'132_049','133_051'
'132_050','133_048'
'132_051','133_315'
'132_052','133_052'
'132_053','133_321'
'132_297','133_343'
'132_298','133_337'
'132_299','133_336'
'132_300','133_319'
'132_301','133_318'
'132_302','133_317'
'132_303','133_001'
'132_305','133_316'
'132_306','133_441'
'132_307','133_314'
'132_308','133_313'
'132_309','133_320'
'132_310','133_312'
'132_311','133_047'
'133_001','134_330'
'133_002','134_015'
'133_004','134_005'
'133_006','134_003'
'133_008','134_008'
'133_009','134_016'
'133_010','134_328'
'133_011','134_006'
'133_012','134_009'
'133_013','134_018'
'133_014','134_023'
'133_015','134_012'
'133_016','134_347'
'133_017','134_007'
'133_018','134_010'
'133_019','134_042'
'133_020','134_026'
'133_021','134_025'
'133_023','134_020'
'133_024','134_022'
'133_025','134_033'
'133_026','134_027'
'133_027','134_031'
'133_028','134_045'
'133_029','134_034'
'133_030','134_021'
'133_031','134_037'
'133_032','134_028'
'133_033','134_032'
'133_034','134_011'
'133_035','134_344'
'133_037','134_036'
'133_038','134_038'
'133_039','134_326'
'133_040','134_029'
'133_041','134_325'
'133_042','134_041'
'133_043','134_046'
'133_044','134_039'
'133_045','134_030'
'133_046','134_043'
'133_047','134_048'
'133_048','134_050'
'133_049','134_044'
'133_050','134_327'
'133_051','134_047'
'133_052','134_040'
'133_312','134_323'
'133_313','134_002'
'133_314','134_324'
'133_315','134_051'
'133_316','134_014'
'133_317','134_329'
'133_318','134_331'
'133_319','134_332'
'133_320','134_346'
'133_321','134_049'
'133_336','134_333'
'133_337','134_334'
'133_343','134_335'
'133_441','134_019'
'134_002','135_033'
'134_003','135_004'
'134_005','135_018'
'134_006','135_006'
'134_007','135_015'
'134_008','135_359'
'134_008','135_360'
'134_009','135_012'
'134_010','135_007'
'134_011','135_010'
'134_012','135_009'
'134_014','135_020'
'134_014','135_352'
'134_015','135_005'
'134_016','135_008'
'134_018','135_011'
'134_019','135_013'
'134_020','135_023'
'134_021','135_016'
'134_022','135_027'
'134_023','135_014'
'134_025','135_022'
'134_026','135_021'
'134_027','135_037'
'134_028','135_047'
'134_029','135_034'
'134_030','135_050'
'134_031','135_025'
'134_032','135_026'
'134_033','135_028'
'134_034','135_040'
'134_036','135_032'
'134_037','135_029'
'134_038','135_030'
'134_039','135_048'
'134_040','135_054'
'134_041','135_031'
'134_042','135_024'
'134_043','135_046'
'134_044','135_041'
'134_045','135_042'
'134_046','135_038'
'134_047','135_053'
'134_048','135_043'
'134_049','135_442'
'134_050','135_045'
'134_051','135_051'
'134_323','135_356'
'134_324','135_039'
'134_325','135_349'
'134_326','135_348'
'134_327','135_052'
'134_328','135_003'
'134_329','135_354'
'134_330','135_355'
'134_331','135_019'
'134_332','135_353'
'134_333','135_443'
'134_334','135_358'
'134_335','135_049'
'134_344','135_044'
'134_346','135_350'
'134_347','135_351'
'135_003','136_365'
'135_004','136_004'
'135_005','136_003'
'135_006','136_009'
'135_007','136_013'
'135_008','136_015'
'135_009','136_008'
'135_010','136_018'
'135_011','136_016'
'135_012','136_007'
'135_013','136_022'
'135_014','136_025'
'135_015','136_014'
'135_016','136_032'
'135_018','136_010'
'135_019','136_024'
'135_020','136_006'
'135_021','136_023'
'135_022','136_012'
'135_023','136_021'
'135_024','136_029'
'135_025','136_031'
'135_026','136_038'
'135_027','136_020'
'135_028','136_027'
'135_029','136_030'
'135_030','136_035'
'135_031','136_019'
'135_032','136_026'
'135_033','136_017'
'135_034','136_036'
'135_037','136_040'
'135_038','136_042'
'135_039','136_052'
'135_040','136_039'
'135_041','136_045'
'135_042','136_041'
'135_043','136_051'
'135_044','136_444'
'135_045','136_044'
'135_046','136_043'
'135_047','136_028'
'135_048','136_033'
'135_049','136_046'
'135_050','136_049'
'135_051','136_047'
'135_052','136_364'
'135_053','136_372'
'135_054','136_048'
'135_348','136_050'
'135_349','136_366'
'135_350','136_445'
'135_351','136_446'
'135_352','136_034'
'135_353','136_369'
'135_354','136_367'
'135_355','136_368'
'135_356','136_361'
'135_358','136_370'
'135_359','136_362'
'135_360','136_363'
'135_442','136_371'
'135_443','136_053'
'136_003','137_008'
'136_004','137_005'
'136_006','137_377'
'136_007','137_006'
'136_008','137_004'
'136_009','137_011'
'136_010','137_010'
'136_012','137_021'
'136_013','137_009'
'136_014','137_017'
'136_015','137_019'
'136_016','137_018'
'136_017','137_020'
'136_018','137_013'
'136_019','137_028'
'136_020','137_386'
'136_020','137_387'
'136_021','137_016'
'136_022','137_025'
'136_023','137_023'
'136_024','137_014'
'136_025','137_024'
'136_026','137_027'
'136_027','137_015'
'136_028','137_034'
'136_029','137_022'
'136_030','137_043'
'136_031','137_026'
'136_032','137_029'
'136_033','137_032'
'136_034','137_376'
'136_035','137_036'
'136_036','137_031'
'136_038','137_379'
'136_039','137_035'
'136_040','137_030'
'136_041','137_385'
'136_042','137_039'
'136_043','137_037'
'136_044','137_042'
'136_045','137_046'
'136_046','137_048'
'136_047','137_051'
'136_048','137_047'
'136_049','137_045'
'136_050','137_384'
'136_051','137_041'
'136_052','137_033'
'136_053','137_050'
'136_361','137_373'
'136_362','137_374'
'136_363','137_375'
'136_364','137_044'
'136_365','137_012'
'136_366','137_383'
'136_367','137_382'
'136_368','137_381'
'136_369','137_388'
'136_370','137_380'
'136_371','137_378'
'136_372','137_038'
'136_444','137_049'
'136_445','137_447'
'136_446','137_448'
'137_004','138_393'
'137_005','138_003'
'137_006','138_010'
'137_008','138_005'
'137_009','138_002'
'137_010','138_018'
'137_011','138_008'
'137_012','138_025'
'137_013','138_023'
'137_014','138_017'
'137_015','138_027'
'137_016','138_034'
'137_017','138_014'
'137_018','138_020'
'137_019','138_016'
'137_020','138_012'
'137_021','138_013'
'137_022','138_040'
'137_023','138_028'
'137_024','138_011'
'137_025','138_019'
'137_026','138_022'
'137_027','138_015'
'137_028','138_021'
'137_029','138_024'
'137_030','138_046'
'137_031','138_031'
'137_032','138_044'
'137_033','138_043'
'137_034','138_026'
'137_035','138_045'
'137_036','138_030'
'137_037','138_051'
'137_038','138_041'
'137_039','138_032'
'137_041','138_039'
'137_042','138_048'
'137_043','138_042'
'137_044','138_047'
'137_045','138_054'
'137_046','138_036'
'137_047','138_049'
'137_048','138_050'
'137_049','138_455'
'137_050','138_395'
'137_051','138_056'
'137_373','138_389'
'137_374','138_453'
'137_375','138_454'
'137_376','138_029'
'137_377','138_009'
'137_378','138_397'
'137_379','138_037'
'137_380','138_396'
'137_381','138_452'
'137_382','138_451'
'137_383','138_391'
'137_384','138_392'
'137_385','138_052'
'137_386','138_053'
'137_387','138_038'
'137_388','138_394'
'137_447','138_449'
'137_448','138_450'
'138_002','139_014'
'138_003','139_003'
'138_005','139_008'
'138_008','139_006'
'138_009','139_005'
'138_010','139_010'
'138_011','139_013'
'138_012','139_011'
'138_013','139_019'
'138_014','139_012'
'138_015','139_020'
'138_016','139_015'
'138_017','139_018'
'138_018','139_009'
'138_019','139_028'
'138_020','139_027'
'138_021','139_021'
'138_022','139_039'
'138_023','139_017'
'138_024','139_016'
'138_025','139_025'
'138_026','139_026'
'138_027','139_022'
'138_028','139_030'
'138_029','139_029'
'138_030','139_032'
'138_031','139_042'
'138_032','139_033'
'138_034','139_023'
'138_036','139_407'
'138_037','139_038'
'138_038','139_041'
'138_039','139_053'
'138_040','139_024'
'138_041','139_049'
'138_042','139_045'
'138_043','139_035'
'138_044','139_048'
'138_045','139_050'
'138_046','139_036'
'138_047','139_046'
'138_048','139_043'
'138_049','139_405'
'138_050','139_040'
'138_051','139_034'
'138_052','139_055'
'138_053','139_044'
'138_054','139_051'
'138_056','139_401'
'138_389','139_398'
'138_391','139_458'
'138_392','139_459'
'138_393','139_004'
'138_394','139_404'
'138_395','139_047'
'138_396','139_054'
'138_397','139_406'
'138_449','139_456'
'138_450','139_457'
'138_451','139_402'
'138_452','139_403'
'138_453','139_399'
'138_454','139_400'
'138_455','139_052'
'139_003','140_003'
'139_004','140_420'
'139_005','140_011'
'139_006','140_021'
'139_008','140_014'
'139_009','140_025'
'139_010','140_004'
'139_011','140_013'
'139_012','140_008'
'139_013','140_006'
'139_014','140_007'
'139_015','140_012'
'139_016','140_018'
'139_017','140_019'
'139_018','140_016'
'139_019','140_032'
'139_020','140_037'
'139_021','140_031'
'139_022','140_023'
'139_023','140_036'
'139_024','140_020'
'139_025','140_015'
'139_026','140_026'
'139_027','140_017'
'139_028','140_010'
'139_029','140_029'
'139_030','140_022'
'139_032','140_033'
'139_033','140_028'
'139_034','140_035'
'139_035','140_040'
'139_036','140_038'
'139_038','140_034'
'139_039','140_030'
'139_040','140_045'
'139_041','140_042'
'139_042','140_048'
'139_043','140_050'
'139_044','140_425'
'139_045','140_009'
'139_046','140_041'
'139_047','140_043'
'139_048','140_413'
'139_049','140_051'
'139_050','140_046'
'139_051','140_416'
'139_052','140_414'
'139_053','140_418'
'139_054','140_417'
'139_055','140_423'
'139_398','140_422'
'139_399','140_409'
'139_400','140_410'
'139_401','140_049'
'139_402','140_411'
'139_403','140_424'
'139_404','140_039'
'139_405','140_419'
'139_406','140_415'
'139_407','140_047'
'139_456','140_460'
'139_457','140_461'
'139_458','140_044'
'139_459','140_421'
