'001_001','002_002'
'001_002','002_014'
'001_003','002_003'
'001_004','002_009'
'001_005','002_005'
'001_006','002_013'
'001_008','002_007'
'001_009','002_001'
'001_010','002_008'
'001_011','002_004'
'001_012','002_011'
'001_013','002_006'
'001_015','002_012'
'001_016','002_010'
'002_001','003_008'
'002_002','003_059'
'002_003','003_006'
'002_004','003_003'
'002_005','003_009'
'002_006','003_005'
'002_007','003_001'
'002_008','003_013'
'002_009','003_004'
'002_010','003_010'
'002_011','003_012'
'002_012','003_002'
'002_013','003_014'
'002_014','003_007'
'002_014','003_011'
'003_001','004_006'
'003_002','004_005'
'003_003','004_008'
'003_004','004_014'
'003_005','004_002'
'003_006','004_012'
'003_007','004_001'
'003_008','004_010'
'003_009','004_003'
'003_010','004_013'
'003_011','004_009'
'003_012','004_007'
'003_013','004_011'
'003_014','004_004'
'003_059','004_060'
'004_001','005_001'
'004_002','005_012'
'004_003','005_002'
'004_004','005_011'
'004_005','005_003'
'004_006','005_010'
'004_007','005_009'
'004_008','005_005'
'004_009','005_004'
'004_010','005_013'
'004_011','005_007'
'004_012','005_015'
'004_013','005_006'
'004_014','005_008'
'004_060','005_062'
'004_060','005_063'
'005_001','006_012'
'005_002','006_003'
'005_003','006_001'
'005_004','006_008'
'005_005','006_011'
'005_006','006_016'
'005_007','006_015'
'005_008','006_006'
'005_009','006_005'
'005_010','006_010'
'005_011','006_014'
'005_012','006_007'
'005_013','006_004'
'005_015','006_009'
'005_062','006_013'
'005_063','006_002'
'006_001','007_016'
'006_002','007_013'
'006_003','007_001'
'006_004','007_010'
'006_005','007_003'
'006_006','007_005'
'006_007','007_007'
'006_008','007_002'
'006_009','007_014'
'006_010','007_015'
'006_011','007_006'
'006_012','007_004'
'006_013','007_008'
'006_014','007_009'
'006_015','007_011'
'006_016','007_012'
'007_001','008_008'
'007_002','008_015'
'007_003','008_010'
'007_004','008_016'
'007_005','008_007'
'007_006','008_002'
'007_007','008_005'
'007_008','008_006'
'007_009','008_009'
'007_010','008_001'
'007_011','008_004'
'007_012','008_003'
'007_013','008_012'
'007_014','008_011'
'007_015','008_013'
'007_016','008_014'
'008_001','009_012'
'008_002','009_010'
'008_003','009_009'
'008_004','009_002'
'008_005','009_006'
'008_006','009_015'
'008_007','009_013'
'008_008','009_004'
'008_009','009_014'
'008_010','009_003'
'008_011','009_007'
'008_012','009_005'
'008_013','009_011'
'008_014','009_001'
'008_015','009_008'
'008_016','009_016'
'009_001','010_002'
'009_002','010_003'
'009_003','010_004'
'009_004','010_007'
'009_005','010_006'
'009_006','010_014'
'009_007','010_015'
'009_008','010_008'
'009_009','010_005'
'009_010','010_009'
'009_011','010_011'
'009_012','010_013'
'009_013','010_012'
'009_014','010_001'
'009_015','010_010'
'009_016','010_100'
'010_001','011_003'
'010_002','011_009'
'010_003','011_013'
'010_004','011_011'
'010_005','011_008'
'010_006','011_001'
'010_007','011_004'
'010_008','011_006'
'010_009','011_010'
'010_010','011_015'
'010_011','011_007'
'010_012','011_005'
'010_013','011_012'
'010_014','011_002'
'010_015','011_014'
'010_100','011_017'
'011_001','012_011'
'011_002','012_009'
'011_003','012_013'
'011_004','012_003'
'011_005','012_016'
'011_006','012_005'
'011_007','012_012'
'011_008','012_006'
'011_009','012_007'
'011_010','012_001'
'011_011','012_008'
'011_012','012_004'
'011_013','012_014'
'011_014','012_002'
'011_015','012_010'
'011_017','012_015'
'012_001','013_012'
'012_002','013_013'
'012_003','013_005'
'012_004','013_006'
'012_005','013_001'
'012_006','013_014'
'012_007','013_002'
'012_008','013_007'
'012_009','013_008'
'012_010','013_003'
'012_011','013_015'
'012_012','013_009'
'012_013','013_011'
'012_014','013_004'
'012_015','013_016'
'012_016','013_010'
'013_001','014_008'
'013_002','014_001'
'013_003','014_009'
'013_004','014_002'
'013_005','014_003'
'013_006','014_007'
'013_007','014_006'
'013_008','014_011'
'013_009','014_005'
'013_010','014_010'
'013_011','014_004'
'013_012','014_014'
'013_013','014_012'
'013_014','014_015'
'013_015','014_013'
'013_016','014_016'
'014_001','015_015'
'014_002','015_007'
'014_003','015_001'
'014_004','015_011'
'014_005','015_003'
'014_006','015_013'
'014_007','015_004'
'014_008','015_014'
'014_009','015_010'
'014_010','015_012'
'014_011','015_005'
'014_012','015_006'
'014_013','015_002'
'014_014','015_008'
'014_015','015_009'
'014_016','015_016'
'015_001','016_003'
'015_002','016_001'
'015_003','016_014'
'015_004','016_011'
'015_005','016_009'
'015_006','016_004'
'015_007','016_010'
'015_008','016_013'
'015_009','016_012'
'015_010','016_002'
'015_011','016_008'
'015_012','016_007'
'015_013','016_005'
'015_014','016_015'
'015_015','016_006'
'015_016','016_016'
'016_001','017_003'
'016_002','017_002'
'016_003','017_010'
'016_004','017_001'
'016_005','017_014'
'016_006','017_004'
'016_007','017_013'
'016_008','017_008'
'016_009','017_005'
'016_010','017_011'
'016_011','017_012'
'016_012','017_015'
'016_013','017_007'
'016_014','017_009'
'016_015','017_006'
'016_016','017_066'
'017_001','018_007'
'017_002','018_013'
'017_003','018_011'
'017_004','018_015'
'017_005','018_014'
'017_006','018_009'
'017_007','018_003'
'017_008','018_008'
'017_009','018_012'
'017_010','018_010'
'017_011','018_005'
'017_012','018_001'
'017_013','018_004'
'017_014','018_002'
'017_015','018_006'
'017_066','018_016'
'018_001','019_001'
'018_002','019_011'
'018_003','019_007'
'018_004','019_002'
'018_005','019_010'
'018_006','019_004'
'018_007','019_006'
'018_008','019_013'
'018_009','019_008'
'018_010','019_003'
'018_011','019_014'
'018_012','019_005'
'018_013','019_009'
'018_014','019_015'
'018_015','019_012'
'018_016','019_016'
'019_001','020_001'
'019_002','020_006'
'019_003','020_008'
'019_004','020_014'
'019_005','020_009'
'019_006','020_010'
'019_007','020_011'
'019_008','020_012'
'019_009','020_007'
'019_010','020_003'
'019_011','020_002'
'019_012','020_004'
'019_013','020_013'
'019_014','020_005'
'019_015','020_015'
'019_016','020_016'
'020_001','021_001'
'020_002','021_005'
'020_003','021_004'
'020_004','021_002'
'020_005','021_006'
'020_006','021_008'
'020_007','021_013'
'020_008','021_011'
'020_009','021_009'
'020_010','021_007'
'020_011','021_003'
'020_012','021_015'
'020_013','021_010'
'020_014','021_014'
'020_015','021_016'
'020_016','021_012'
'021_001','022_002'
'021_002','022_001'
'021_003','022_009'
'021_004','022_003'
'021_005','022_011'
'021_006','022_006'
'021_007','022_013'
'021_008','022_007'
'021_009','022_014'
'021_010','022_008'
'021_011','022_004'
'021_012','022_016'
'021_013','022_012'
'021_014','022_010'
'021_015','022_015'
'021_016','022_005'
'022_001','023_004'
'022_002','023_001'
'022_003','023_014'
'022_004','023_003'
'022_005','023_009'
'022_006','023_008'
'022_007','023_005'
'022_008','023_007'
'022_009','023_006'
'022_010','023_013'
'022_011','023_002'
'022_012','023_015'
'022_013','023_012'
'022_014','023_011'
'022_015','023_010'
'022_016','023_016'
'023_001','024_001'
'023_002','024_002'
'023_003','024_003'
'023_004','024_012'
'023_005','024_010'
'023_006','024_005'
'023_007','024_008'
'023_008','024_006'
'023_009','024_007'
'023_010','024_013'
'023_011','024_014'
'023_012','024_009'
'023_013','024_015'
'023_014','024_011'
'023_015','024_004'
'023_016','024_016'
'024_001','025_001'
'024_002','025_002'
'024_003','025_006'
'024_004','025_011'
'024_005','025_009'
'024_006','025_007'
'024_007','025_013'
'024_008','025_008'
'024_009','025_012'
'024_010','025_004'
'024_011','025_003'
'024_012','025_005'
'024_013','025_010'
'024_014','025_014'
'024_015','025_016'
'024_016','025_015'
'025_001','026_004'
'025_002','026_001'
'025_003','026_002'
'025_004','026_003'
'025_005','026_005'
'025_006','026_011'
'025_007','026_010'
'025_008','026_009'
'025_009','026_006'
'025_010','026_008'
'025_011','026_014'
'025_012','026_007'
'025_013','026_015'
'025_014','026_013'
'025_015','026_016'
'025_016','026_012'
'026_001','027_002'
'026_002','027_004'
'026_003','027_014'
'026_004','027_001'
'026_005','027_008'
'026_006','027_003'
'026_007','027_006'
'026_008','027_005'
'026_009','027_012'
'026_010','027_007'
'026_011','027_009'
'026_012','027_015'
'026_013','027_010'
'026_014','027_011'
'026_015','027_013'
'026_016','027_016'
'027_001','028_002'
'027_002','028_004'
'027_003','028_009'
'027_004','028_006'
'027_005','028_012'
'027_006','028_008'
'027_007','028_011'
'027_008','028_001'
'027_009','028_003'
'027_010','028_010'
'027_011','028_015'
'027_012','028_007'
'027_013','028_013'
'027_014','028_005'
'027_015','028_014'
'027_016','028_016'
'028_001','029_003'
'028_002','029_001'
'028_003','029_008'
'028_004','029_005'
'028_005','029_013'
'028_006','029_006'
'028_007','029_010'
'028_008','029_007'
'028_009','029_004'
'028_010','029_011'
'028_011','029_009'
'028_012','029_002'
'028_013','029_012'
'028_014','029_015'
'028_015','029_014'
'028_016','029_016'
'029_001','030_003'
'029_002','030_009'
'029_003','030_001'
'029_004','030_002'
'029_005','030_008'
'029_006','030_005'
'029_007','030_007'
'029_008','030_006'
'029_009','030_004'
'029_010','030_013'
'029_011','030_012'
'029_012','030_011'
'029_013','030_010'
'029_014','030_014'
'029_015','030_015'
'029_016','030_016'
'030_001','031_001'
'030_002','031_003'
'030_003','031_002'
'030_004','031_007'
'030_005','031_004'
'030_006','031_008'
'030_007','031_006'
'030_008','031_005'
'030_009','031_011'
'030_010','031_012'
'030_011','031_015'
'030_012','031_009'
'030_013','031_013'
'030_014','031_014'
'030_015','031_010'
'030_016','031_016'
'031_001','032_002'
'031_002','032_001'
'031_003','032_005'
'031_004','032_007'
'031_005','032_012'
'031_006','032_006'
'031_007','032_003'
'031_008','032_004'
'031_009','032_009'
'031_010','032_013'
'031_011','032_008'
'031_012','032_010'
'031_013','032_015'
'031_014','032_014'
'031_015','032_011'
'031_016','032_016'
'032_001','033_001'
'032_002','033_002'
'032_003','033_003'
'032_004','033_005'
'032_005','033_008'
'032_006','033_007'
'032_007','033_009'
'032_008','033_010'
'032_009','033_013'
'032_010','033_012'
'032_011','033_006'
'032_012','033_004'
'032_013','033_011'
'032_014','033_014'
'032_015','033_015'
'032_016','033_016'
'033_001','034_002'
'033_002','034_001'
'033_003','034_006'
'033_004','034_008'
'033_005','034_003'
'033_006','034_007'
'033_007','034_010'
'033_008','034_004'
'033_009','034_009'
'033_010','034_005'
'033_011','034_014'
'033_012','034_012'
'033_013','034_011'
'033_014','034_015'
'033_015','034_013'
'033_016','034_016'
'034_001','035_001'
'034_002','035_002'
'034_003','035_005'
'034_004','035_003'
'034_005','035_006'
'034_006','035_004'
'034_007','035_008'
'034_008','035_009'
'034_009','035_014'
'034_010','035_007'
'034_011','035_012'
'034_012','035_010'
'034_013','035_011'
'034_014','035_015'
'034_015','035_016'
'034_016','035_013'
'035_001','036_004'
'035_002','036_001'
'035_003','036_002'
'035_004','036_003'
'035_005','036_011'
'035_006','036_005'
'035_007','036_010'
'035_008','036_007'
'035_009','036_009'
'035_010','036_012'
'035_011','036_014'
'035_012','036_008'
'035_013','036_015'
'035_014','036_006'
'035_015','036_016'
'035_016','036_013'
'036_001','037_005'
'036_002','037_100'
'036_003','037_003'
'036_004','037_008'
'036_005','037_007'
'036_006','037_002'
'036_007','037_009'
'036_008','037_010'
'036_009','037_006'
'036_010','037_004'
'036_011','037_001'
'036_012','037_014'
'036_013','037_012'
'036_014','037_013'
'036_015','037_016'
'036_016','037_011'
'037_001','038_011'
'037_002','038_001'
'037_003','038_002'
'037_004','038_010'
'037_005','038_101'
'037_006','038_003'
'037_007','038_007'
'037_008','038_006'
'037_009','038_005'
'037_010','038_004'
'037_011','038_015'
'037_012','038_009'
'037_013','038_012'
'037_014','038_008'
'037_016','038_014'
'037_100','038_016'
'037_100','038_102'
'038_001','039_008'
'038_002','039_003'
'038_003','039_014'
'038_004','039_007'
'038_005','039_001'
'038_006','039_004'
'038_007','039_005'
'038_008','039_009'
'038_009','039_013'
'038_010','039_002'
'038_011','039_011'
'038_012','039_006'
'038_014','039_016'
'038_015','039_012'
'038_016','039_017'
'038_101','039_010'
'038_102','039_015'
'039_001','040_005'
'039_002','040_003'
'039_003','040_016'
'039_003','040_017'
'039_004','040_002'
'039_005','040_011'
'039_006','040_007'
'039_007','040_008'
'039_008','040_001'
'039_009','040_004'
'039_010','040_009'
'039_010','040_010'
'039_011','040_020'
'039_011','040_021'
'039_012','040_018'
'039_013','040_006'
'039_014','040_015'
'039_014','040_019'
'039_015','040_012'
'039_016','040_014'
'039_017','040_013'
'040_001','041_011'
'040_002','041_004'
'040_003','041_001'
'040_004','041_003'
'040_005','041_002'
'040_006','041_007'
'040_007','041_016'
'040_008','041_010'
'040_009','041_012'
'040_010','041_009'
'040_011','041_006'
'040_012','041_008'
'040_013','041_005'
'040_014','041_021'
'040_015','041_013'
'040_016','041_015'
'040_017','041_018'
'040_018','041_017'
'040_019','041_019'
'040_020','041_020'
'040_021','041_014'
'041_001','042_016'
'041_002','042_008'
'041_003','042_010'
'041_004','042_001'
'041_005','042_003'
'041_006','042_006'
'041_007','042_007'
'041_008','042_009'
'041_009','042_005'
'041_010','042_020'
'041_010','042_022'
'041_011','042_002'
'041_012','042_015'
'041_013','042_013'
'041_014','042_012'
'041_015','042_017'
'041_016','042_021'
'041_016','042_023'
'041_017','042_004'
'041_018','042_014'
'041_019','042_011'
'041_020','042_018'
'041_021','042_019'
'042_001','043_001'
'042_002','043_008'
'042_003','043_018'
'042_004','043_016'
'042_005','043_002'
'042_006','043_004'
'042_007','043_007'
'042_008','043_014'
'042_009','043_009'
'042_010','043_003'
'042_011','043_015'
'042_012','043_010'
'042_013','043_011'
'042_014','043_006'
'042_015','043_013'
'042_016','043_005'
'042_017','043_012'
'042_018','043_017'
'042_019','043_020'
'042_020','043_019'
'042_021','043_022'
'042_022','043_021'
'042_023','043_023'
'043_001','044_001'
'043_002','044_007'
'043_003','044_019'
'043_003','044_025'
'043_004','044_023'
'043_005','044_014'
'043_005','044_026'
'043_006','044_011'
'043_007','044_002'
'043_008','044_005'
'043_009','044_008'
'043_010','044_009'
'043_011','044_012'
'043_012','044_010'
'043_013','044_015'
'043_014','044_022'
'043_014','044_024'
'043_015','044_006'
'043_016','044_004'
'043_017','044_018'
'043_018','044_003'
'043_019','044_013'
'043_020','044_020'
'043_021','044_016'
'043_022','044_017'
'043_023','044_021'
'044_001','045_013'
'044_002','045_001'
'044_003','045_002'
'044_004','045_003'
'044_005','045_006'
'044_006','045_010'
'044_007','045_016'
'044_008','045_004'
'044_009','045_014'
'044_010','045_009'
'044_011','045_018'
'044_012','045_005'
'044_013','045_007'
'044_014','045_008'
'044_015','045_012'
'044_016','045_020'
'044_017','045_011'
'044_018','045_021'
'044_019','045_015'
'044_020','045_024'
'044_021','045_022'
'044_022','045_023'
'044_023','045_019'
'044_024','045_026'
'044_025','045_017'
'044_026','045_025'
'045_001','046_024'
'045_002','046_014'
'045_003','046_001'
'045_004','046_003'
'045_005','046_005'
'045_006','046_002'
'045_007','046_017'
'045_008','046_013'
'045_009','046_006'
'045_010','046_019'
'045_011','046_018'
'045_012','046_011'
'045_013','046_021'
'045_013','046_027'
'045_014','046_015'
'045_015','046_010'
'045_016','046_016'
'045_017','046_020'
'045_018','046_004'
'045_019','046_025'
'045_019','046_026'
'045_020','046_007'
'045_021','046_028'
'045_022','046_008'
'045_023','046_022'
'045_024','046_023'
'045_025','046_009'
'045_026','046_012'
'046_001','047_002'
'046_002','047_004'
'046_003','047_001'
'046_004','047_005'
'046_005','047_011'
'046_006','047_007'
'046_007','047_013'
'046_008','047_022'
'046_009','047_010'
'046_010','047_019'
'046_011','047_014'
'046_012','047_023'
'046_013','047_006'
'046_014','047_003'
'046_015','047_012'
'046_016','047_008'
'046_017','047_016'
'046_018','047_018'
'046_019','047_021'
'046_020','047_015'
'046_021','047_024'
'046_022','047_025'
'046_023','047_020'
'046_024','047_009'
'046_025','047_026'
'046_026','047_017'
'046_027','047_028'
'046_028','047_027'
'047_001','048_004'
'047_002','048_001'
'047_003','048_002'
'047_004','048_007'
'047_005','048_003'
'047_006','048_008'
'047_007','048_005'
'047_008','048_009'
'047_009','048_028'
'047_009','048_029'
'047_010','048_022'
'047_011','048_012'
'047_012','048_006'
'047_013','048_014'
'047_014','048_018'
'047_015','048_020'
'047_016','048_013'
'047_017','048_010'
'047_018','048_023'
'047_019','048_019'
'047_020','048_015'
'047_021','048_011'
'047_022','048_017'
'047_023','048_026'
'047_024','048_025'
'047_025','048_027'
'047_026','048_021'
'047_027','048_016'
'047_028','048_024'
'048_001','049_001'
'048_002','049_006'
'048_003','049_002'
'048_004','049_007'
'048_005','049_010'
'048_006','049_011'
'048_007','049_005'
'048_008','049_004'
'048_009','049_008'
'048_010','049_003'
'048_011','049_016'
'048_012','049_013'
'048_013','049_012'
'048_014','049_018'
'048_015','049_026'
'048_016','049_024'
'048_017','049_009'
'048_018','049_014'
'048_019','049_022'
'048_020','049_015'
'048_021','049_028'
'048_022','049_025'
'048_023','049_020'
'048_024','049_021'
'048_025','049_027'
'048_026','049_019'
'048_027','049_023'
'048_028','049_017'
'048_029','049_029'
'049_001','050_001'
'049_002','050_003'
'049_003','050_017'
'049_004','050_010'
'049_005','050_028'
'049_005','050_030'
'049_006','050_012'
'049_007','050_007'
'049_008','050_016'
'049_009','050_020'
'049_010','050_008'
'049_011','050_015'
'049_012','050_006'
'049_013','050_004'
'049_014','050_005'
'049_015','050_023'
'049_016','050_002'
'049_017','050_021'
'049_018','050_018'
'049_019','050_022'
'049_020','050_025'
'049_021','050_009'
'049_022','050_014'
'049_023','050_011'
'049_024','050_019'
'049_025','050_013'
'049_026','050_029'
'049_027','050_027'
'049_028','050_026'
'049_029','050_024'
'050_001','051_011'
'050_002','051_024'
'050_003','051_003'
'050_004','051_008'
'050_005','051_006'
'050_006','051_002'
'050_007','051_007'
'050_008','051_013'
'050_009','051_026'
'050_010','051_005'
'050_011','051_010'
'050_012','051_018'
'050_013','051_015'
'050_014','051_001'
'050_015','051_009'
'050_016','051_014'
'050_017','051_004'
'050_018','051_016'
'050_019','051_012'
'050_020','051_022'
'050_021','051_021'
'050_022','051_029'
'050_023','051_023'
'050_024','051_019'
'050_025','051_017'
'050_026','051_020'
'050_027','051_027'
'050_028','051_028'
'050_029','051_030'
'050_030','051_025'
'051_001','052_014'
'051_002','052_003'
'051_003','052_004'
'051_004','052_011'
'051_005','052_020'
'051_006','052_016'
'051_007','052_006'
'051_008','052_005'
'051_009','052_015'
'051_010','052_021'
'051_011','052_009'
'051_012','052_028'
'051_013','052_008'
'051_014','052_002'
'051_015','052_017'
'051_016','052_012'
'051_017','052_019'
'051_018','052_001'
'051_019','052_018'
'051_020','052_013'
'051_021','052_023'
'051_022','052_007'
'051_023','052_029'
'051_024','052_027'
'051_025','052_024'
'051_026','052_010'
'051_027','052_022'
'051_028','052_025'
'051_029','052_026'
'051_030','052_030'
'052_001','053_005'
'052_002','053_006'
'052_003','053_001'
'052_004','053_004'
'052_005','053_009'
'052_006','053_002'
'052_007','053_029'
'052_008','053_003'
'052_009','053_025'
'052_010','053_014'
'052_011','053_007'
'052_012','053_015'
'052_013','053_011'
'052_014','053_018'
'052_015','053_008'
'052_016','053_013'
'052_017','053_016'
'052_018','053_027'
'052_019','053_010'
'052_020','053_012'
'052_021','053_022'
'052_022','053_023'
'052_023','053_026'
'052_024','053_020'
'052_025','053_021'
'052_026','053_019'
'052_027','053_024'
'052_028','053_017'
'052_029','053_028'
'052_030','053_030'
'053_001','054_013'
'053_002','054_008'
'053_003','054_002'
'053_004','054_007'
'053_005','054_010'
'053_006','054_011'
'053_007','054_016'
'053_008','054_004'
'053_009','054_005'
'053_010','054_025'
'053_011','054_001'
'053_012','054_012'
'053_013','054_009'
'053_014','054_015'
'053_015','054_017'
'053_016','054_021'
'053_017','054_028'
'053_018','054_003'
'053_019','054_018'
'053_020','054_023'
'053_021','054_019'
'053_022','054_020'
'053_023','054_027'
'053_024','054_014'
'053_025','054_030'
'053_025','054_031'
'053_026','054_024'
'053_027','054_006'
'053_028','054_026'
'053_029','054_022'
'053_030','054_029'
'054_001','055_003'
'054_002','055_002'
'054_003','055_011'
'054_004','055_001'
'054_005','055_004'
'054_006','055_012'
'054_007','055_006'
'054_008','055_009'
'054_009','055_014'
'054_010','055_007'
'054_011','055_008'
'054_012','055_017'
'054_013','055_015'
'054_014','055_005'
'054_015','055_025'
'054_016','055_013'
'054_017','055_010'
'054_018','055_022'
'054_019','055_019'
'054_020','055_021'
'054_021','055_020'
'054_022','055_023'
'054_023','055_030'
'054_024','055_024'
'054_025','055_016'
'054_026','055_018'
'054_027','055_029'
'054_028','055_027'
'054_029','055_031'
'054_030','055_026'
'054_031','055_028'
'055_001','056_019'
'055_002','056_005'
'055_003','056_012'
'055_004','056_014'
'055_005','056_017'
'055_006','056_002'
'055_007','056_001'
'055_008','056_003'
'055_009','056_015'
'055_010','056_016'
'055_011','056_011'
'055_012','056_013'
'055_013','056_007'
'055_014','056_010'
'055_015','056_009'
'055_016','056_027'
'055_017','056_006'
'055_018','056_021'
'055_019','056_026'
'055_020','056_030'
'055_021','056_020'
'055_022','056_023'
'055_023','056_018'
'055_024','056_022'
'055_025','056_008'
'055_026','056_025'
'055_027','056_031'
'055_028','056_024'
'055_029','056_028'
'055_030','056_004'
'055_031','056_029'
'056_001','057_005'
'056_002','057_002'
'056_003','057_001'
'056_004','057_027'
'056_005','057_003'
'056_006','057_016'
'056_007','057_011'
'056_008','057_004'
'056_009','057_013'
'056_010','057_006'
'056_011','057_014'
'056_012','057_021'
'056_013','057_015'
'056_014','057_012'
'056_015','057_024'
'056_016','057_010'
'056_017','057_017'
'056_018','057_007'
'056_019','057_008'
'056_020','057_018'
'056_021','057_023'
'056_022','057_009'
'056_023','057_026'
'056_024','057_025'
'056_025','057_030'
'056_026','057_019'
'056_027','057_022'
'056_028','057_029'
'056_029','057_031'
'056_030','057_020'
'056_031','057_028'
'057_001','058_007'
'057_002','058_001'
'057_003','058_002'
'057_004','058_009'
'057_005','058_006'
'057_006','058_008'
'057_007','058_010'
'057_008','058_011'
'057_009','058_012'
'057_010','058_020'
'057_011','058_003'
'057_012','058_014'
'057_013','058_004'
'057_014','058_017'
'057_015','058_013'
'057_016','058_023'
'057_017','058_021'
'057_018','058_016'
'057_019','058_028'
'057_020','058_027'
'057_021','058_015'
'057_022','058_026'
'057_023','058_025'
'057_024','058_005'
'057_025','058_024'
'057_026','058_022'
'057_027','058_018'
'057_028','058_031'
'057_029','058_029'
'057_030','058_019'
'057_031','058_030'
'058_001','059_005'
'058_002','059_013'
'058_003','059_015'
'058_004','059_007'
'058_005','059_016'
'058_006','059_009'
'058_007','059_004'
'058_008','059_017'
'058_009','059_020'
'058_010','059_026'
'058_011','059_003'
'058_012','059_006'
'058_013','059_019'
'058_014','059_002'
'058_015','059_010'
'058_016','059_011'
'058_017','059_023'
'058_018','059_012'
'058_019','059_028'
'058_020','059_008'
'058_021','059_014'
'058_022','059_029'
'058_023','059_027'
'058_024','059_031'
'058_025','059_021'
'058_026','059_022'
'058_027','059_024'
'058_028','059_018'
'058_029','059_001'
'058_030','059_030'
'058_031','059_025'
'059_001','060_013'
'059_002','060_015'
'059_003','060_018'
'059_004','060_001'
'059_005','060_003'
'059_006','060_009'
'059_007','060_014'
'059_008','060_017'
'059_009','060_002'
'059_010','060_016'
'059_011','060_019'
'059_012','060_027'
'059_013','060_004'
'059_014','060_007'
'059_015','060_005'
'059_016','060_010'
'059_017','060_006'
'059_018','060_020'
'059_019','060_012'
'059_020','060_008'
'059_021','060_023'
'059_022','060_029'
'059_023','060_026'
'059_024','060_024'
'059_025','060_028'
'059_026','060_011'
'059_027','060_022'
'059_028','060_030'
'059_029','060_021'
'059_030','060_031'
'059_031','060_025'
'060_001','061_003'
'060_002','061_004'
'060_003','061_001'
'060_004','061_011'
'060_005','061_002'
'060_006','061_006'
'060_007','061_015'
'060_008','061_007'
'060_009','061_008'
'060_010','061_010'
'060_011','061_013'
'060_012','061_009'
'060_013','061_005'
'060_014','061_017'
'060_015','061_018'
'060_016','061_022'
'060_017','061_012'
'060_018','061_016'
'060_019','061_023'
'060_020','061_014'
'060_021','061_028'
'060_022','061_019'
'060_023','061_024'
'060_024','061_029'
'060_025','061_020'
'060_026','061_031'
'060_027','061_027'
'060_028','061_030'
'060_029','061_026'
'060_030','061_025'
'060_031','061_021'
'061_001','062_017'
'061_002','062_014'
'061_003','062_012'
'061_004','062_001'
'061_005','062_003'
'061_006','062_016'
'061_007','062_030'
'061_008','062_009'
'061_009','062_023'
'061_010','062_013'
'061_011','062_005'
'061_012','062_006'
'061_013','062_004'
'061_014','062_026'
'061_015','062_022'
'061_016','062_008'
'061_017','062_019'
'061_018','062_002'
'061_019','062_007'
'061_020','062_011'
'061_021','062_031'
'061_022','062_020'
'061_023','062_028'
'061_024','062_025'
'061_025','062_021'
'061_026','062_018'
'061_027','062_010'
'061_028','062_027'
'061_029','062_015'
'061_030','062_024'
'061_031','062_029'
'062_001','063_001'
'062_002','063_008'
'062_003','063_026'
'062_004','063_022'
'062_005','063_003'
'062_006','063_021'
'062_007','063_009'
'062_008','063_005'
'062_009','063_011'
'062_010','063_018'
'062_011','063_028'
'062_012','063_002'
'062_013','063_012'
'062_014','063_014'
'062_015','063_025'
'062_016','063_019'
'062_017','063_004'
'062_018','063_015'
'062_019','063_020'
'062_020','063_006'
'062_021','063_031'
'062_022','063_017'
'062_023','063_013'
'062_024','063_024'
'062_025','063_027'
'062_026','063_023'
'062_027','063_016'
'062_028','063_010'
'062_029','063_007'
'062_030','063_029'
'062_031','063_030'
'063_001','064_022'
'063_002','064_002'
'063_003','064_004'
'063_004','064_005'
'063_005','064_006'
'063_006','064_012'
'063_007','064_021'
'063_008','064_003'
'063_009','064_019'
'063_010','064_011'
'063_011','064_013'
'063_012','064_017'
'063_013','064_015'
'063_014','064_010'
'063_015','064_027'
'063_016','064_029'
'063_017','064_007'
'063_018','064_023'
'063_019','064_018'
'063_020','064_030'
'063_021','064_009'
'063_022','064_008'
'063_023','064_020'
'063_024','064_026'
'063_025','064_014'
'063_026','064_024'
'063_027','064_016'
'063_028','064_028'
'063_029','064_025'
'063_030','064_031'
'063_031','064_001'
'064_001','065_020'
'064_002','065_003'
'064_003','065_010'
'064_004','065_008'
'064_005','065_026'
'064_006','065_005'
'064_007','065_011'
'064_008','065_017'
'064_009','065_015'
'064_010','065_002'
'064_011','065_009'
'064_012','065_004'
'064_013','065_012'
'064_014','065_022'
'064_015','065_023'
'064_016','065_021'
'064_017','065_007'
'064_018','065_013'
'064_019','065_016'
'064_020','065_019'
'064_021','065_001'
'064_022','065_014'
'064_023','065_024'
'064_024','065_029'
'064_025','065_006'
'064_026','065_018'
'064_027','065_027'
'064_028','065_031'
'064_029','065_028'
'064_030','065_025'
'064_031','065_030'
'065_001','066_025'
'065_002','066_005'
'065_003','066_007'
'065_004','066_016'
'065_005','066_010'
'065_006','066_026'
'065_007','066_006'
'065_008','066_011'
'065_009','066_013'
'065_010','066_008'
'065_011','066_021'
'065_012','066_018'
'065_013','066_012'
'065_014','066_003'
'065_015','066_014'
'065_016','066_015'
'065_017','066_017'
'065_018','066_028'
'065_019','066_004'
'065_020','066_024'
'065_021','066_020'
'065_022','066_002'
'065_023','066_023'
'065_024','066_022'
'065_025','066_027'
'065_026','066_001'
'065_027','066_019'
'065_028','066_031'
'065_029','066_009'
'065_030','066_030'
'065_031','066_029'
'066_001','067_002'
'066_002','067_028'
'066_003','067_026'
'066_004','067_014'
'066_005','067_005'
'066_006','067_003'
'066_007','067_012'
'066_008','067_013'
'066_009','067_029'
'066_010','067_011'
'066_011','067_004'
'066_012','067_001'
'066_013','067_007'
'066_014','067_016'
'066_015','067_019'
'066_016','067_006'
'066_017','067_008'
'066_018','067_010'
'066_019','067_025'
'066_020','067_024'
'066_021','067_018'
'066_022','067_021'
'066_023','067_015'
'066_024','067_022'
'066_025','067_017'
'066_026','067_020'
'066_027','067_027'
'066_028','067_009'
'066_029','067_031'
'066_030','067_023'
'066_031','067_030'
'067_001','068_001'
'067_002','068_019'
'067_003','068_002'
'067_004','068_004'
'067_005','068_009'
'067_006','068_020'
'067_007','068_012'
'067_008','068_006'
'067_009','068_008'
'067_010','068_013'
'067_011','068_022'
'067_012','068_005'
'067_013','068_010'
'067_014','068_016'
'067_015','068_028'
'067_016','068_018'
'067_017','068_026'
'067_018','068_017'
'067_019','068_024'
'067_020','068_007'
'067_021','068_015'
'067_022','068_003'
'067_023','068_029'
'067_024','068_025'
'067_025','068_021'
'067_026','068_014'
'067_027','068_011'
'067_028','068_027'
'067_029','068_023'
'067_030','068_031'
'067_031','068_030'
'068_001','069_004'
'068_002','069_001'
'068_003','069_025'
'068_004','069_013'
'068_005','069_006'
'068_006','069_017'
'068_007','069_028'
'068_008','069_005'
'068_009','069_002'
'068_010','069_010'
'068_011','069_014'
'068_012','069_020'
'068_013','069_023'
'068_014','069_003'
'068_015','069_026'
'068_016','069_015'
'068_017','069_024'
'068_018','069_007'
'068_019','069_016'
'068_020','069_009'
'068_021','069_019'
'068_022','069_011'
'068_023','069_008'
'068_024','069_030'
'068_025','069_012'
'068_026','069_018'
'068_027','069_027'
'068_028','069_022'
'068_029','069_031'
'068_030','069_021'
'068_031','069_029'
'069_001','070_008'
'069_002','070_005'
'069_003','070_017'
'069_004','070_001'
'069_005','070_004'
'069_006','070_007'
'069_007','070_014'
'069_008','070_028'
'069_009','070_021'
'069_010','070_012'
'069_011','070_002'
'069_012','070_027'
'069_013','070_015'
'069_014','070_011'
'069_015','070_003'
'069_016','070_016'
'069_017','070_019'
'069_018','070_018'
'069_019','070_013'
'069_020','070_006'
'069_021','070_029'
'069_022','070_023'
'069_023','070_022'
'069_024','070_010'
'069_025','070_026'
'069_026','070_009'
'069_027','070_025'
'069_028','070_020'
'069_029','070_030'
'069_030','070_024'
'069_031','070_031'
'070_001','071_002'
'070_002','071_007'
'070_003','071_011'
'070_004','071_014'
'070_005','071_009'
'070_006','071_003'
'070_007','071_016'
'070_008','071_021'
'070_009','071_028'
'070_010','071_008'
'070_011','071_018'
'070_012','071_006'
'070_013','071_012'
'070_014','071_004'
'070_015','071_022'
'070_016','071_013'
'070_017','071_001'
'070_018','071_005'
'070_019','071_017'
'070_020','071_015'
'070_021','071_010'
'070_022','071_019'
'070_023','071_024'
'070_024','071_027'
'070_025','071_025'
'070_026','071_023'
'070_027','071_020'
'070_028','071_026'
'070_029','071_030'
'070_030','071_029'
'070_031','071_031'
'071_001','072_007'
'071_002','072_004'
'071_003','072_002'
'071_004','072_008'
'071_005','072_011'
'071_006','072_003'
'071_007','072_005'
'071_008','072_009'
'071_009','072_006'
'071_010','072_010'
'071_011','072_022'
'071_012','072_012'
'071_013','072_018'
'071_014','072_015'
'071_015','072_001'
'071_016','072_017'
'071_017','072_013'
'071_018','072_020'
'071_019','072_027'
'071_020','072_025'
'071_021','072_016'
'071_022','072_023'
'071_023','072_019'
'071_024','072_028'
'071_025','072_014'
'071_026','072_026'
'071_027','072_021'
'071_028','072_024'
'071_029','072_030'
'071_030','072_029'
'071_031','072_125'
'072_001','073_028'
'072_002','073_025'
'072_003','073_017'
'072_004','073_005'
'072_005','073_008'
'072_006','073_016'
'072_007','073_006'
'072_008','073_011'
'072_009','073_004'
'072_010','073_010'
'072_011','073_009'
'072_012','073_014'
'072_013','073_003'
'072_014','073_022'
'072_015','073_013'
'072_016','073_002'
'072_017','073_001'
'072_018','073_012'
'072_019','073_007'
'072_020','073_018'
'072_021','073_027'
'072_022','073_015'
'072_023','073_023'
'072_024','073_024'
'072_025','073_020'
'072_026','073_021'
'072_027','073_026'
'072_028','073_019'
'072_029','073_030'
'072_030','073_029'
'072_125','073_031'
'073_001','074_011'
'073_002','074_020'
'073_003','074_003'
'073_004','074_010'
'073_005','074_001'
'073_006','074_006'
'073_007','074_002'
'073_008','074_009'
'073_009','074_018'
'073_010','074_013'
'073_011','074_004'
'073_012','074_024'
'073_013','074_012'
'073_014','074_008'
'073_015','074_005'
'073_016','074_021'
'073_017','074_007'
'073_018','074_017'
'073_019','074_029'
'073_020','074_016'
'073_021','074_014'
'073_022','074_019'
'073_023','074_026'
'073_024','074_023'
'073_025','074_015'
'073_026','074_025'
'073_027','074_022'
'073_028','074_028'
'073_029','074_027'
'073_030','074_030'
'073_031','074_031'
'074_001','075_001'
'074_002','075_017'
'074_003','075_003'
'074_004','075_018'
'074_005','075_004'
'074_006','075_027'
'074_007','075_010'
'074_008','075_009'
'074_009','075_006'
'074_010','075_007'
'074_011','075_002'
'074_012','075_022'
'074_013','075_013'
'074_014','075_025'
'074_015','075_024'
'074_016','075_019'
'074_017','075_008'
'074_018','075_012'
'074_019','075_021'
'074_020','075_005'
'074_021','075_014'
'074_022','075_011'
'074_023','075_028'
'074_024','075_016'
'074_025','075_015'
'074_026','075_030'
'074_027','075_031'
'074_028','075_026'
'074_029','075_023'
'074_030','075_020'
'074_031','075_029'
'075_001','076_001'
'075_002','076_020'
'075_003','076_008'
'075_004','076_005'
'075_005','076_018'
'075_006','076_014'
'075_007','076_019'
'075_008','076_007'
'075_009','076_016'
'075_010','076_003'
'075_011','076_022'
'075_012','076_004'
'075_013','076_015'
'075_014','076_023'
'075_015','076_025'
'075_016','076_010'
'075_017','076_009'
'075_018','076_002'
'075_019','076_012'
'075_020','076_031'
'075_021','076_011'
'075_022','076_021'
'075_023','076_006'
'075_024','076_017'
'075_025','076_029'
'075_026','076_030'
'075_027','076_013'
'075_028','076_024'
'075_029','076_028'
'075_030','076_027'
'075_031','076_026'
'076_001','077_017'
'076_002','077_012'
'076_003','077_006'
'076_004','077_008'
'076_005','077_001'
'076_006','077_015'
'076_007','077_011'
'076_008','077_009'
'076_009','077_002'
'076_010','077_007'
'076_011','077_005'
'076_012','077_026'
'076_013','077_021'
'076_014','077_003'
'076_015','077_020'
'076_016','077_019'
'076_017','077_016'
'076_018','077_025'
'076_019','077_010'
'076_020','077_029'
'076_021','077_018'
'076_022','077_024'
'076_023','077_004'
'076_024','077_013'
'076_025','077_028'
'076_026','077_031'
'076_027','077_014'
'076_028','077_030'
'076_029','077_027'
'076_030','077_022'
'076_031','077_023'
'077_001','078_002'
'077_002','078_001'
'077_003','078_008'
'077_004','078_010'
'077_005','078_009'
'077_006','078_012'
'077_007','078_006'
'077_008','078_007'
'077_009','078_018'
'077_010','078_003'
'077_011','078_005'
'077_012','078_021'
'077_013','078_020'
'077_014','078_015'
'077_015','078_011'
'077_016','078_017'
'077_017','078_013'
'077_018','078_025'
'077_019','078_024'
'077_020','078_016'
'077_021','078_027'
'077_022','078_004'
'077_023','078_028'
'077_024','078_014'
'077_025','078_026'
'077_026','078_029'
'077_027','078_019'
'077_028','078_022'
'077_029','078_023'
'077_030','078_030'
'077_031','078_031'
'078_001','079_002'
'078_002','079_001'
'078_003','079_009'
'078_004','079_022'
'078_005','079_003'
'078_006','079_006'
'078_007','079_010'
'078_008','079_004'
'078_009','079_005'
'078_010','079_016'
'078_011','079_014'
'078_012','079_007'
'078_013','079_013'
'078_014','079_008'
'078_015','079_019'
'078_016','079_012'
'078_017','079_023'
'078_018','079_021'
'078_019','079_015'
'078_020','079_018'
'078_021','079_011'
'078_022','079_025'
'078_023','079_026'
'078_024','079_024'
'078_025','079_020'
'078_026','079_028'
'078_027','079_017'
'078_028','079_029'
'078_029','079_027'
'078_030','079_031'
'078_031','079_030'
'079_001','080_003'
'079_002','080_010'
'079_003','080_004'
'079_004','080_014'
'079_005','080_007'
'079_006','080_002'
'079_007','080_013'
'079_008','080_001'
'079_009','080_011'
'079_010','080_031'
'079_011','080_009'
'079_012','080_015'
'079_013','080_005'
'079_014','080_021'
'079_015','080_026'
'079_016','080_012'
'079_017','080_019'
'079_018','080_018'
'079_019','080_006'
'079_020','080_022'
'079_021','080_008'
'079_022','080_025'
'079_023','080_023'
'079_024','080_017'
'079_025','080_024'
'079_026','080_027'
'079_027','080_020'
'079_028','080_016'
'079_029','080_028'
'079_030','080_030'
'079_031','080_029'
'080_001','081_001'
'080_002','081_003'
'080_003','081_002'
'080_004','081_010'
'080_005','081_016'
'080_006','081_032'
'080_007','081_009'
'080_008','081_012'
'080_009','081_008'
'080_010','081_005'
'080_011','081_011'
'080_012','081_013'
'080_013','081_006'
'080_014','081_007'
'080_015','081_022'
'080_016','081_023'
'080_017','081_015'
'080_018','081_014'
'080_019','081_027'
'080_020','081_024'
'080_021','081_025'
'080_022','081_017'
'080_023','081_021'
'080_024','081_020'
'080_025','081_019'
'080_026','081_018'
'080_027','081_026'
'080_028','081_029'
'080_029','081_031'
'080_030','081_028'
'080_031','081_004'
'081_001','082_001'
'081_002','082_002'
'081_003','082_008'
'081_004','082_006'
'081_005','082_010'
'081_006','082_007'
'081_007','082_013'
'081_008','082_011'
'081_009','082_004'
'081_010','082_003'
'081_011','082_015'
'081_012','082_019'
'081_013','082_012'
'081_014','082_009'
'081_015','082_018'
'081_016','082_033'
'081_017','082_014'
'081_018','082_020'
'081_019','082_017'
'081_020','082_022'
'081_021','082_024'
'081_022','082_021'
'081_023','082_005'
'081_024','082_023'
'081_025','082_025'
'081_026','082_026'
'081_026','082_030'
'081_027','082_027'
'081_027','082_029'
'081_028','082_016'
'081_029','082_031'
'081_031','082_028'
'081_032','082_032'
'082_001','083_001'
'082_002','083_002'
'082_003','083_019'
'082_004','083_005'
'082_005','083_017'
'082_006','083_008'
'082_007','083_006'
'082_008','083_003'
'082_009','083_004'
'082_010','083_007'
'082_011','083_015'
'082_012','083_010'
'082_013','083_012'
'082_014','083_018'
'082_015','083_013'
'082_016','083_021'
'082_017','083_031'
'082_018','083_016'
'082_019','083_009'
'082_020','083_011'
'082_021','083_020'
'082_022','083_014'
'082_023','083_030'
'082_024','083_022'
'082_025','083_023'
'082_026','083_025'
'082_027','083_024'
'082_028','083_033'
'082_029','083_028'
'082_030','083_029'
'082_031','083_026'
'082_032','083_027'
'082_033','083_032'
'083_001','084_017'
'083_002','084_001'
'083_003','084_028'
'083_004','084_004'
'083_005','084_012'
'083_006','084_011'
'083_007','084_002'
'083_008','084_003'
'083_009','084_010'
'083_010','084_005'
'083_011','084_015'
'083_012','084_013'
'083_013','084_016'
'083_014','084_008'
'083_015','084_006'
'083_016','084_022'
'083_017','084_029'
'083_018','084_023'
'083_019','084_007'
'083_020','084_014'
'083_021','084_034'
'083_022','084_019'
'083_023','084_018'
'083_024','084_024'
'083_025','084_021'
'083_026','084_025'
'083_027','084_032'
'083_027','084_033'
'083_028','084_020'
'083_029','084_009'
'083_030','084_030'
'083_031','084_035'
'083_032','084_026'
'083_032','084_027'
'083_033','084_031'
'084_001','085_028'
'084_002','085_003'
'084_003','085_004'
'084_004','085_007'
'084_005','085_009'
'084_006','085_011'
'084_007','085_020'
'084_008','085_019'
'084_009','085_021'
'084_010','085_001'
'084_011','085_005'
'084_012','085_014'
'084_013','085_018'
'084_014','085_012'
'084_015','085_030'
'084_016','085_032'
'084_017','085_027'
'084_018','085_002'
'084_019','085_013'
'084_020','085_031'
'084_021','085_016'
'084_022','085_017'
'084_023','085_008'
'084_024','085_023'
'084_025','085_029'
'084_026','085_006'
'084_027','085_022'
'084_028','085_025'
'084_029','085_034'
'084_030','085_015'
'084_031','085_033'
'084_032','085_024'
'084_033','085_026'
'084_034','085_010'
'084_035','085_035'
'085_001','086_001'
'085_002','086_003'
'085_003','086_019'
'085_004','086_007'
'085_005','086_002'
'085_006','086_021'
'085_007','086_012'
'085_008','086_013'
'085_009','086_014'
'085_010','086_027'
'085_011','086_018'
'085_012','086_005'
'085_013','086_016'
'085_014','086_010'
'085_015','086_006'
'085_016','086_024'
'085_017','086_009'
'085_018','086_004'
'085_019','086_029'
'085_020','086_015'
'085_021','086_026'
'085_022','086_030'
'085_023','086_028'
'085_024','086_022'
'085_025','086_011'
'085_026','086_025'
'085_027','086_036'
'085_028','086_008'
'085_029','086_031'
'085_030','086_032'
'085_031','086_034'
'085_032','086_017'
'085_032','086_035'
'085_033','086_023'
'085_034','086_020'
'085_034','086_033'
'085_035','086_037'
'086_001','087_002'
'086_002','087_001'
'086_003','087_003'
'086_004','087_016'
'086_005','087_009'
'086_006','087_006'
'086_007','087_005'
'086_008','087_004'
'086_009','087_008'
'086_010','087_011'
'086_011','087_010'
'086_012','087_013'
'086_013','087_023'
'086_014','087_017'
'086_015','087_007'
'086_016','087_028'
'086_017','087_014'
'086_018','087_012'
'086_019','087_022'
'086_020','087_030'
'086_021','087_020'
'086_022','087_025'
'086_023','087_033'
'086_024','087_024'
'086_025','087_018'
'086_026','087_021'
'086_027','087_037'
'086_028','087_019'
'086_029','087_026'
'086_030','087_029'
'086_031','087_034'
'086_032','087_032'
'086_033','087_031'
'086_034','087_035'
'086_035','087_015'
'086_036','087_027'
'086_037','087_036'
'087_001','088_029'
'087_001','088_033'
'087_002','088_037'
'087_003','088_004'
'087_004','088_002'
'087_005','088_015'
'087_006','088_001'
'087_007','088_013'
'087_008','088_009'
'087_009','088_006'
'087_010','088_024'
'087_011','088_007'
'087_012','088_010'
'087_013','088_019'
'087_014','088_012'
'087_015','088_008'
'087_016','088_011'
'087_017','088_018'
'087_018','088_031'
'087_019','088_022'
'087_020','088_005'
'087_021','088_016'
'087_022','088_030'
'087_023','088_032'
'087_023','088_034'
'087_024','088_020'
'087_025','088_025'
'087_026','088_028'
'087_027','088_035'
'087_028','088_026'
'087_029','088_027'
'087_030','088_021'
'087_031','088_014'
'087_032','088_036'
'087_032','088_038'
'087_033','088_017'
'087_034','088_023'
'087_035','088_039'
'087_036','088_040'
'087_037','088_003'
'088_001','089_003'
'088_002','089_001'
'088_003','089_020'
'088_004','089_002'
'088_005','089_024'
'088_006','089_018'
'088_007','089_011'
'088_008','089_009'
'088_009','089_008'
'088_010','089_012'
'088_011','089_016'
'088_012','089_006'
'088_013','089_007'
'088_014','089_033'
'088_015','089_005'
'088_016','089_028'
'088_017','089_039'
'088_018','089_027'
'088_019','089_010'
'088_020','089_022'
'088_021','089_036'
'088_022','089_014'
'088_023','089_017'
'088_024','089_025'
'088_025','089_029'
'088_026','089_041'
'088_027','089_032'
'088_028','089_013'
'088_029','089_030'
'088_030','089_004'
'088_031','089_034'
'088_032','089_015'
'088_033','089_026'
'088_034','089_019'
'088_035','089_021'
'088_036','089_023'
'088_037','089_035'
'088_038','089_031'
'088_039','089_037'
'088_040','089_038'
'089_001','090_034'
'089_002','090_015'
'089_003','090_018'
'089_004','090_033'
'089_005','090_010'
'089_006','090_008'
'089_007','090_006'
'089_008','090_011'
'089_009','090_013'
'089_010','090_023'
'089_011','090_012'
'089_012','090_002'
'089_013','090_005'
'089_014','090_030'
'089_015','090_007'
'089_016','090_024'
'089_016','090_026'
'089_017','090_022'
'089_018','090_004'
'089_019','090_017'
'089_020','090_003'
'089_021','090_021'
'089_022','090_039'
'089_023','090_036'
'089_024','090_020'
'089_025','090_014'
'089_026','090_016'
'089_027','090_001'
'089_028','090_025'
'089_029','090_040'
'089_030','090_009'
'089_031','090_027'
'089_032','090_028'
'089_033','090_035'
'089_034','090_031'
'089_035','090_038'
'089_036','090_037'
'089_037','090_041'
'089_038','090_029'
'089_039','090_032'
'089_041','090_019'
'090_001','091_035'
'090_002','091_024'
'090_003','091_040'
'090_004','091_022'
'090_005','091_016'
'090_006','091_001'
'090_007','091_010'
'090_008','091_026'
'090_009','091_009'
'090_010','091_039'
'090_011','091_007'
'090_012','091_002'
'090_013','091_008'
'090_014','091_006'
'090_015','091_004'
'090_016','091_020'
'090_017','091_032'
'090_018','091_025'
'090_019','091_027'
'090_020','091_003'
'090_021','091_017'
'090_022','091_023'
'090_023','091_005'
'090_024','091_036'
'090_025','091_021'
'090_026','091_034'
'090_027','091_042'
'090_028','091_013'
'090_029','091_033'
'090_029','091_037'
'090_030','091_014'
'090_031','091_015'
'090_032','091_028'
'090_033','091_043'
'090_034','091_012'
'090_035','091_019'
'090_036','091_030'
'090_037','091_029'
'090_038','091_018'
'090_039','091_031'
'090_040','091_011'
'090_041','091_041'
'091_001','092_020'
'091_001','092_023'
'091_002','092_001'
'091_003','092_007'
'091_004','092_025'
'091_005','092_004'
'091_006','092_003'
'091_007','092_005'
'091_008','092_022'
'091_009','092_006'
'091_010','092_016'
'091_011','092_100'
'091_012','092_034'
'091_013','092_030'
'091_014','092_019'
'091_015','092_010'
'091_016','092_014'
'091_017','092_024'
'091_017','092_038'
'091_018','092_031'
'091_018','092_036'
'091_019','092_008'
'091_020','092_015'
'091_021','092_027'
'091_022','092_017'
'091_023','092_002'
'091_024','092_033'
'091_025','092_028'
'091_026','092_011'
'091_027','092_037'
'091_028','092_013'
'091_029','092_045'
'091_030','092_012'
'091_031','092_029'
'091_032','092_026'
'091_033','092_040'
'091_034','092_041'
'091_035','092_035'
'091_036','092_021'
'091_037','092_032'
'091_039','092_009'
'091_040','092_042'
'091_041','092_018'
'091_042','092_039'
'091_043','092_044'
'092_001','093_021'
'092_002','093_027'
'092_003','093_012'
'092_004','093_007'
'092_005','093_024'
'092_006','093_005'
'092_007','093_006'
'092_008','093_028'
'092_009','093_040'
'092_009','093_046'
'092_010','093_037'
'092_011','093_004'
'092_012','093_019'
'092_013','093_023'
'092_014','093_025'
'092_015','093_002'
'092_016','093_010'
'092_017','093_003'
'092_018','093_042'
'092_019','093_022'
'092_020','093_034'
'092_021','093_100'
'092_022','093_008'
'092_023','093_011'
'092_024','093_013'
'092_025','093_036'
'092_025','093_045'
'092_026','093_043'
'092_027','093_030'
'092_028','093_017'
'092_029','093_041'
'092_030','093_026'
'092_031','093_029'
'092_032','093_031'
'092_033','093_018'
'092_034','093_001'
'092_035','093_020'
'092_036','093_016'
'092_037','093_014'
'092_038','093_032'
'092_039','093_038'
'092_040','093_035'
'092_041','093_044'
'092_042','093_033'
'092_044','093_015'
'092_045','093_039'
'092_100','093_009'
'093_001','094_010'
'093_002','094_003'
'093_003','094_011'
'093_004','094_046'
'093_005','094_006'
'093_006','094_013'
'093_007','094_042'
'093_008','094_001'
'093_009','094_038'
'093_010','094_005'
'093_011','094_019'
'093_012','094_014'
'093_013','094_025'
'093_014','094_039'
'093_015','094_022'
'093_016','094_018'
'093_017','094_002'
'093_018','094_037'
'093_019','094_034'
'093_020','094_040'
'093_021','094_021'
'093_022','094_028'
'093_023','094_027'
'093_024','094_012'
'093_025','094_016'
'093_026','094_026'
'093_027','094_023'
'093_028','094_017'
'093_029','094_004'
'093_030','094_041'
'093_031','094_015'
'093_032','094_043'
'093_033','094_044'
'093_033','094_047'
'093_034','094_030'
'093_035','094_033'
'093_036','094_045'
'093_037','094_036'
'093_038','094_049'
'093_039','094_029'
'093_040','094_009'
'093_041','094_035'
'093_042','094_048'
'093_043','094_008'
'093_044','094_020'
'093_045','094_031'
'093_046','094_024'
'093_100','094_032'
'094_001','095_003'
'094_002','095_040'
'094_003','095_001'
'094_004','095_100'
'094_005','095_006'
'094_006','095_004'
'094_008','095_022'
'094_009','095_029'
'094_010','095_002'
'094_011','095_013'
'094_012','095_009'
'094_013','095_010'
'094_014','095_007'
'094_015','095_017'
'094_016','095_011'
'094_017','095_012'
'094_018','095_023'
'094_019','095_028'
'094_020','095_019'
'094_021','095_005'
'094_022','095_018'
'094_023','095_021'
'094_024','095_031'
'094_025','095_024'
'094_026','095_038'
'094_027','095_039'
'094_028','095_043'
'094_029','095_036'
'094_030','095_014'
'094_031','095_016'
'094_032','095_033'
'094_033','095_046'
'094_034','095_015'
'094_035','095_037'
'094_036','095_041'
'094_037','095_020'
'094_037','095_042'
'094_038','095_035'
'094_039','095_030'
'094_040','095_044'
'094_041','095_034'
'094_042','095_025'
'094_043','095_047'
'094_044','095_026'
'094_045','095_027'
'094_046','095_008'
'094_047','095_032'
'094_048','095_048'
'094_049','095_049'
'095_001','096_008'
'095_002','096_027'
'095_003','096_011'
'095_004','096_009'
'095_005','096_005'
'095_006','096_007'
'095_007','096_022'
'095_008','096_020'
'095_009','096_012'
'095_010','096_004'
'095_011','096_001'
'095_012','096_031'
'095_013','096_038'
'095_014','096_017'
'095_015','096_033'
'095_016','096_010'
'095_017','096_044'
'095_018','096_023'
'095_019','096_016'
'095_020','096_015'
'095_021','096_040'
'095_022','096_019'
'095_023','096_035'
'095_024','096_046'
'095_025','096_029'
'095_026','096_037'
'095_027','096_101'
'095_028','096_024'
'095_029','096_013'
'095_030','096_021'
'095_030','096_030'
'095_031','096_006'
'095_032','096_014'
'095_033','096_025'
'095_034','096_026'
'095_035','096_042'
'095_036','096_018'
'095_037','096_036'
'095_038','096_032'
'095_039','096_045'
'095_040','096_043'
'095_041','096_039'
'095_042','096_003'
'095_043','096_041'
'095_044','096_002'
'095_046','096_048'
'095_047','096_034'
'095_048','096_047'
'095_049','096_028'
'095_100','096_100'
'096_001','097_040'
'096_002','097_015'
'096_003','097_101'
'096_004','097_020'
'096_005','097_004'
'096_006','097_023'
'096_007','097_032'
'096_008','097_009'
'096_009','097_006'
'096_010','097_025'
'096_011','097_014'
'096_012','097_011'
'096_013','097_041'
'096_014','097_039'
'096_015','097_027'
'096_016','097_021'
'096_017','097_010'
'096_018','097_028'
'096_019','097_038'
'096_020','097_022'
'096_021','097_035'
'096_022','097_034'
'096_023','097_001'
'096_024','097_017'
'096_025','097_019'
'096_026','097_102'
'096_027','097_002'
'096_028','097_012'
'096_029','097_033'
'096_030','097_031'
'096_031','097_026'
'096_032','097_008'
'096_033','097_013'
'096_034','097_018'
'096_035','097_030'
'096_036','097_047'
'096_037','097_037'
'096_038','097_003'
'096_039','097_036'
'096_040','097_048'
'096_041','097_044'
'096_042','097_005'
'096_043','097_045'
'096_044','097_046'
'096_045','097_024'
'096_046','097_016'
'096_047','097_042'
'096_048','097_043'
'096_100','097_029'
'096_101','097_007'
'097_001','098_016'
'097_002','098_002'
'097_003','098_005'
'097_004','098_023'
'097_005','098_030'
'097_006','098_013'
'097_007','098_017'
'097_008','098_028'
'097_009','098_025'
'097_010','098_014'
'097_011','098_009'
'097_012','098_042'
'097_013','098_015'
'097_014','098_012'
'097_015','098_033'
'097_016','098_052'
'097_017','098_003'
'097_018','098_040'
'097_019','098_008'
'097_020','098_020'
'097_021','098_006'
'097_022','098_051'
'097_023','098_007'
'097_024','098_032'
'097_025','098_036'
'097_026','098_027'
'097_027','098_004'
'097_028','098_047'
'097_029','098_022'
'097_030','098_026'
'097_031','098_011'
'097_032','098_018'
'097_033','098_001'
'097_034','098_010'
'097_034','098_039'
'097_035','098_045'
'097_036','098_031'
'097_037','098_038'
'097_038','098_034'
'097_039','098_046'
'097_040','098_037'
'097_041','098_021'
'097_042','098_053'
'097_043','098_035'
'097_044','098_029'
'097_045','098_019'
'097_046','098_043'
'097_047','098_041'
'097_048','098_044'
'097_101','098_024'
'097_102','098_100'
'098_001','099_007'
'098_002','099_013'
'098_003','099_005'
'098_004','099_009'
'098_005','099_051'
'098_006','099_038'
'098_007','099_017'
'098_008','099_032'
'098_009','099_011'
'098_010','099_035'
'098_011','099_039'
'098_012','099_019'
'098_013','099_003'
'098_014','099_037'
'098_015','099_006'
'098_016','099_036'
'098_017','099_020'
'098_018','099_010'
'098_019','099_042'
'098_020','099_015'
'098_021','099_018'
'098_022','099_001'
'098_023','099_049'
'098_024','099_016'
'098_025','099_021'
'098_026','099_025'
'098_027','099_029'
'098_028','099_033'
'098_029','099_046'
'098_030','099_045'
'098_031','099_027'
'098_032','099_031'
'098_033','099_022'
'098_034','099_002'
'098_035','099_047'
'098_036','099_008'
'098_037','099_041'
'098_038','099_014'
'098_039','099_004'
'098_040','099_048'
'098_041','099_040'
'098_042','099_024'
'098_043','099_034'
'098_044','099_043'
'098_045','099_028'
'098_046','099_030'
'098_047','099_050'
'098_051','099_012'
'098_052','099_026'
'098_053','099_044'
'098_100','099_023'
'099_001','100_002'
'099_002','100_001'
'099_003','100_005'
'099_004','100_004'
'099_005','100_007'
'099_006','100_018'
'099_007','100_014'
'099_008','100_016'
'099_009','100_012'
'099_010','100_010'
'099_011','100_003'
'099_012','100_011'
'099_013','100_008'
'099_014','100_025'
'099_015','100_017'
'099_016','100_021'
'099_017','100_020'
'099_018','100_023'
'099_019','100_013'
'099_020','100_006'
'099_021','100_026'
'099_022','100_050'
'099_023','100_043'
'099_024','100_032'
'099_025','100_015'
'099_026','100_027'
'099_027','100_009'
'099_028','100_036'
'099_029','100_038'
'099_030','100_041'
'099_031','100_044'
'099_032','100_019'
'099_033','100_031'
'099_034','100_039'
'099_035','100_024'
'099_036','100_040'
'099_037','100_034'
'099_038','100_049'
'099_039','100_052'
'099_040','100_028'
'099_041','100_035'
'099_042','100_030'
'099_043','100_037'
'099_044','100_042'
'099_045','100_045'
'099_046','100_029'
'099_047','100_047'
'099_048','100_048'
'099_049','100_022'
'099_049','100_046'
'099_050','100_033'
'099_051','100_053'
'100_001','101_002'
'100_002','101_003'
'100_003','101_046'
'100_004','101_012'
'100_005','101_054'
'100_006','101_017'
'100_007','101_009'
'100_008','101_001'
'100_009','101_018'
'100_010','101_010'
'100_011','101_006'
'100_012','101_014'
'100_013','101_004'
'100_014','101_022'
'100_015','101_015'
'100_016','101_013'
'100_017','101_008'
'100_018','101_005'
'100_019','101_020'
'100_020','101_023'
'100_021','101_024'
'100_022','101_019'
'100_023','101_025'
'100_024','101_011'
'100_025','101_007'
'100_026','101_016'
'100_027','101_029'
'100_028','101_030'
'100_029','101_039'
'100_030','101_031'
'100_031','101_034'
'100_032','101_028'
'100_033','101_050'
'100_034','101_021'
'100_035','101_043'
'100_036','101_033'
'100_037','101_038'
'100_038','101_036'
'100_039','101_053'
'100_040','101_032'
'100_041','101_045'
'100_042','101_041'
'100_043','101_048'
'100_044','101_047'
'100_045','101_037'
'100_046','101_027'
'100_047','101_026'
'100_048','101_042'
'100_049','101_040'
'100_050','101_035'
'100_052','101_052'
'100_053','101_049'
'101_001','102_008'
'101_002','102_001'
'101_003','102_031'
'101_004','102_007'
'101_005','102_002'
'101_006','102_003'
'101_007','102_051'
'101_008','102_015'
'101_009','102_009'
'101_010','102_010'
'101_011','102_017'
'101_012','102_005'
'101_013','102_020'
'101_014','102_022'
'101_015','102_021'
'101_016','102_012'
'101_017','102_018'
'101_018','102_019'
'101_019','102_027'
'101_020','102_016'
'101_021','102_014'
'101_022','102_049'
'101_023','102_011'
'101_024','102_013'
'101_025','102_006'
'101_026','102_042'
'101_027','102_038'
'101_028','102_026'
'101_029','102_025'
'101_030','102_024'
'101_031','102_045'
'101_032','102_040'
'101_033','102_046'
'101_034','102_028'
'101_035','102_030'
'101_036','102_029'
'101_037','102_032'
'101_038','102_033'
'101_039','102_039'
'101_040','102_044'
'101_041','102_043'
'101_042','102_047'
'101_043','102_048'
'101_045','102_034'
'101_046','102_036'
'101_047','102_023'
'101_048','102_037'
'101_049','102_050'
'101_049','102_052'
'101_050','102_035'
'101_052','102_041'
'101_053','102_053'
'101_054','102_004'
'102_001','103_006'
'102_002','103_005'
'102_003','103_003'
'102_004','103_002'
'102_005','103_004'
'102_006','103_008'
'102_007','103_016'
'102_008','103_001'
'102_009','103_014'
'102_010','103_032'
'102_011','103_013'
'102_012','103_010'
'102_013','103_021'
'102_014','103_028'
'102_015','103_009'
'102_016','103_012'
'102_017','103_023'
'102_018','103_011'
'102_019','103_025'
'102_020','103_019'
'102_021','103_007'
'102_022','103_024'
'102_023','103_043'
'102_024','103_029'
'102_025','103_027'
'102_026','103_041'
'102_027','103_026'
'102_028','103_018'
'102_029','103_036'
'102_030','103_039'
'102_031','103_015'
'102_032','103_034'
'102_033','103_031'
'102_034','103_053'
'102_035','103_035'
'102_036','103_052'
'102_036','103_054'
'102_037','103_030'
'102_038','103_100'
'102_039','103_040'
'102_040','103_020'
'102_041','103_051'
'102_042','103_046'
'102_043','103_044'
'102_044','103_033'
'102_045','103_050'
'102_046','103_038'
'102_047','103_045'
'102_048','103_049'
'102_049','103_042'
'102_050','103_022'
'102_051','103_017'
'102_052','103_037'
'102_053','103_047'
'103_001','104_002'
'103_002','104_006'
'103_003','104_009'
'103_004','104_010'
'103_005','104_004'
'103_006','104_005'
'103_007','104_016'
'103_008','104_014'
'103_009','104_003'
'103_010','104_027'
'103_011','104_008'
'103_012','104_022'
'103_013','104_017'
'103_014','104_007'
'103_015','104_015'
'103_016','104_011'
'103_017','104_030'
'103_018','104_024'
'103_019','104_018'
'103_020','104_042'
'103_021','104_021'
'103_022','104_012'
'103_023','104_019'
'103_024','104_028'
'103_025','104_038'
'103_026','104_034'
'103_027','104_025'
'103_028','104_020'
'103_029','104_039'
'103_030','104_040'
'103_031','104_036'
'103_032','104_035'
'103_033','104_029'
'103_034','104_023'
'103_035','104_037'
'103_036','104_001'
'103_037','104_043'
'103_038','104_032'
'103_039','104_050'
'103_039','104_053'
'103_040','104_046'
'103_041','104_047'
'103_042','104_048'
'103_042','104_100'
'103_043','104_055'
'103_044','104_044'
'103_045','104_013'
'103_046','104_031'
'103_047','104_041'
'103_049','104_045'
'103_050','104_056'
'103_051','104_049'
'103_052','104_026'
'103_053','104_054'
'103_054','104_052'
'103_100','104_033'
'104_001','105_052'
'104_002','105_001'
'104_003','105_017'
'104_004','105_004'
'104_005','105_003'
'104_006','105_005'
'104_007','105_007'
'104_008','105_006'
'104_009','105_008'
'104_010','105_057'
'104_011','105_016'
'104_012','105_011'
'104_013','105_029'
'104_014','105_012'
'104_015','105_022'
'104_016','105_023'
'104_017','105_018'
'104_018','105_020'
'104_019','105_009'
'104_020','105_019'
'104_021','105_013'
'104_022','105_014'
'104_023','105_028'
'104_024','105_045'
'104_025','105_031'
'104_026','105_039'
'104_027','105_027'
'104_028','105_010'
'104_029','105_033'
'104_030','105_035'
'104_031','105_041'
'104_032','105_038'
'104_033','105_026'
'104_034','105_032'
'104_035','105_040'
'104_036','105_042'
'104_037','105_043'
'104_038','105_055'
'104_039','105_036'
'104_040','105_024'
'104_041','105_047'
'104_042','105_053'
'104_043','105_048'
'104_044','105_034'
'104_045','105_050'
'104_046','105_046'
'104_047','105_049'
'104_048','105_015'
'104_049','105_044'
'104_050','105_025'
'104_052','105_030'
'104_053','105_037'
'104_054','105_056'
'104_055','105_021'
'104_056','105_054'
'104_100','105_002'
'105_001','106_001'
'105_002','106_006'
'105_003','106_020'
'105_004','106_004'
'105_005','106_019'
'105_006','106_002'
'105_007','106_007'
'105_008','106_011'
'105_009','106_010'
'105_010','106_028'
'105_011','106_018'
'105_012','106_021'
'105_013','106_014'
'105_014','106_017'
'105_015','106_022'
'105_016','106_003'
'105_017','106_005'
'105_018','106_015'
'105_019','106_013'
'105_020','106_012'
'105_021','106_054'
'105_022','106_016'
'105_023','106_009'
'105_024','106_033'
'105_025','106_048'
'105_026','106_008'
'105_027','106_025'
'105_028','106_044'
'105_029','106_031'
'105_030','106_100'
'105_031','106_036'
'105_032','106_042'
'105_033','106_049'
'105_034','106_026'
'105_035','106_024'
'105_036','106_051'
'105_037','106_029'
'105_038','106_046'
'105_039','106_027'
'105_040','106_034'
'105_041','106_037'
'105_042','106_040'
'105_043','106_050'
'105_044','106_035'
'105_045','106_045'
'105_046','106_056'
'105_047','106_039'
'105_048','106_032'
'105_049','106_041'
'105_050','106_047'
'105_052','106_030'
'105_053','106_043'
'105_053','106_055'
'105_054','106_052'
'105_055','106_038'
'105_056','106_053'
'105_057','106_023'
'106_001','107_001'
'106_002','107_005'
'106_003','107_022'
'106_004','107_002'
'106_005','107_009'
'106_006','107_020'
'106_007','107_011'
'106_008','107_019'
'106_009','107_024'
'106_010','107_018'
'106_011','107_010'
'106_012','107_007'
'106_013','107_023'
'106_014','107_014'
'106_015','107_008'
'106_016','107_006'
'106_017','107_012'
'106_018','107_025'
'106_019','107_004'
'106_020','107_036'
'106_021','107_015'
'106_022','107_017'
'106_023','107_003'
'106_024','107_028'
'106_025','107_021'
'106_026','107_027'
'106_027','107_033'
'106_028','107_013'
'106_029','107_026'
'106_030','107_039'
'106_031','107_016'
'106_032','107_032'
'106_033','107_044'
'106_034','107_040'
'106_035','107_057'
'106_036','107_029'
'106_037','107_034'
'106_038','107_030'
'106_039','107_042'
'106_040','107_041'
'106_041','107_052'
'106_042','107_043'
'106_043','107_050'
'106_044','107_031'
'106_045','107_038'
'106_046','107_037'
'106_047','107_049'
'106_048','107_045'
'106_049','107_035'
'106_050','107_047'
'106_051','107_056'
'106_052','107_046'
'106_053','107_054'
'106_054','107_051'
'106_055','107_055'
'106_056','107_048'
'106_100','107_100'
'107_001','108_001'
'107_002','108_054'
'107_003','108_010'
'107_004','108_009'
'107_005','108_039'
'107_006','108_024'
'107_007','108_015'
'107_008','108_019'
'107_009','108_027'
'107_010','108_006'
'107_011','108_004'
'107_012','108_030'
'107_013','108_008'
'107_014','108_014'
'107_015','108_033'
'107_016','108_029'
'107_017','108_043'
'107_018','108_028'
'107_019','108_049'
'107_020','108_032'
'107_021','108_005'
'107_022','108_007'
'107_023','108_018'
'107_024','108_026'
'107_025','108_012'
'107_026','108_040'
'107_027','108_025'
'107_028','108_021'
'107_029','108_036'
'107_030','108_020'
'107_031','108_045'
'107_032','108_038'
'107_033','108_016'
'107_034','108_058'
'107_035','108_042'
'107_036','108_003'
'107_037','108_052'
'107_038','108_022'
'107_039','108_034'
'107_040','108_013'
'107_041','108_055'
'107_042','108_047'
'107_043','108_031'
'107_044','108_035'
'107_045','108_017'
'107_046','108_051'
'107_047','108_056'
'107_048','108_057'
'107_049','108_048'
'107_049','108_050'
'107_050','108_041'
'107_051','108_002'
'107_052','108_011'
'107_054','108_023'
'107_055','108_046'
'107_056','108_053'
'107_057','108_044'
'107_100','108_037'
'108_001','109_005'
'108_002','109_029'
'108_003','109_023'
'108_004','109_013'
'108_005','109_018'
'108_006','109_006'
'108_007','109_002'
'108_008','109_048'
'108_009','109_027'
'108_010','109_015'
'108_011','109_057'
'108_012','109_039'
'108_013','109_021'
'108_014','109_004'
'108_015','109_026'
'108_016','109_016'
'108_017','109_031'
'108_018','109_020'
'108_019','109_010'
'108_020','109_024'
'108_021','109_052'
'108_022','109_003'
'108_023','109_045'
'108_024','109_030'
'108_025','109_047'
'108_026','109_049'
'108_027','109_012'
'108_028','109_011'
'108_029','109_058'
'108_030','109_014'
'108_031','109_040'
'108_032','109_025'
'108_033','109_008'
'108_034','109_028'
'108_035','109_022'
'108_036','109_056'
'108_037','109_033'
'108_038','109_037'
'108_039','109_034'
'108_040','109_038'
'108_041','109_046'
'108_042','109_017'
'108_043','109_044'
'108_044','109_036'
'108_045','109_055'
'108_046','109_043'
'108_047','109_050'
'108_048','109_042'
'108_049','109_001'
'108_050','109_032'
'108_051','109_035'
'108_052','109_054'
'108_053','109_019'
'108_054','109_053'
'108_055','109_051'
'108_056','109_041'
'108_057','109_007'
'108_058','109_009'
'109_001','110_039'
'109_002','110_007'
'109_003','110_011'
'109_004','110_002'
'109_005','110_001'
'109_006','110_009'
'109_007','110_058'
'109_008','110_019'
'109_009','110_047'
'109_010','110_014'
'109_011','110_023'
'109_012','110_004'
'109_013','110_010'
'109_014','110_017'
'109_015','110_003'
'109_016','110_035'
'109_017','110_021'
'109_018','110_012'
'109_019','110_038'
'109_020','110_020'
'109_021','110_006'
'109_022','110_015'
'109_023','110_027'
'109_024','110_005'
'109_025','110_045'
'109_026','110_026'
'109_027','110_028'
'109_028','110_032'
'109_029','110_057'
'109_030','110_018'
'109_031','110_040'
'109_032','110_008'
'109_033','110_031'
'109_034','110_022'
'109_035','110_051'
'109_036','110_030'
'109_037','110_046'
'109_038','110_041'
'109_039','110_037'
'109_040','110_025'
'109_041','110_036'
'109_042','110_016'
'109_043','110_059'
'109_044','110_043'
'109_045','110_055'
'109_046','110_034'
'109_047','110_033'
'109_048','110_013'
'109_049','110_044'
'109_050','110_029'
'109_051','110_042'
'109_052','110_049'
'109_053','110_054'
'109_054','110_053'
'109_055','110_052'
'109_056','110_056'
'109_057','110_024'
'109_058','110_048'
'110_001','111_002'
'110_002','111_100'
'110_003','111_023'
'110_004','111_016'
'110_005','111_043'
'110_006','111_038'
'110_007','111_021'
'110_008','111_054'
'110_009','111_006'
'110_010','111_004'
'110_011','111_044'
'110_012','111_017'
'110_013','111_013'
'110_014','111_001'
'110_015','111_036'
'110_016','111_049'
'110_017','111_025'
'110_018','111_003'
'110_019','111_008'
'110_020','111_012'
'110_021','111_037'
'110_022','111_015'
'110_023','111_009'
'110_024','111_055'
'110_025','111_027'
'110_026','111_010'
'110_027','111_047'
'110_028','111_011'
'110_029','111_056'
'110_030','111_046'
'110_031','111_028'
'110_032','111_033'
'110_033','111_057'
'110_034','111_050'
'110_035','111_018'
'110_036','111_034'
'110_037','111_020'
'110_038','111_053'
'110_039','111_019'
'110_040','111_041'
'110_041','111_052'
'110_042','111_026'
'110_043','111_014'
'110_044','111_007'
'110_045','111_035'
'110_046','111_031'
'110_047','111_040'
'110_048','111_032'
'110_049','111_045'
'110_051','111_051'
'110_052','111_030'
'110_053','111_039'
'110_054','111_024'
'110_055','111_029'
'110_056','111_005'
'110_057','111_042'
'110_058','111_022'
'110_059','111_048'
'111_001','112_020'
'111_002','112_001'
'111_003','112_003'
'111_004','112_006'
'111_005','112_032'
'111_006','112_015'
'111_007','112_004'
'111_008','112_022'
'111_009','112_017'
'111_010','112_002'
'111_011','112_009'
'111_012','112_011'
'111_013','112_014'
'111_014','112_007'
'111_015','112_012'
'111_016','112_005'
'111_017','112_008'
'111_018','112_026'
'111_019','112_021'
'111_020','112_016'
'111_021','112_010'
'111_022','112_044'
'111_023','112_019'
'111_024','112_013'
'111_025','112_027'
'111_026','112_038'
'111_027','112_031'
'111_028','112_024'
'111_029','112_054'
'111_030','112_040'
'111_031','112_025'
'111_032','112_030'
'111_033','112_029'
'111_034','112_042'
'111_035','112_034'
'111_036','112_028'
'111_037','112_039'
'111_038','112_037'
'111_039','112_023'
'111_040','112_035'
'111_041','112_033'
'111_042','112_036'
'111_043','112_049'
'111_044','112_018'
'111_045','112_050'
'111_046','112_053'
'111_047','112_043'
'111_048','112_045'
'111_049','112_048'
'111_050','112_046'
'111_051','112_055'
'111_052','112_052'
'111_053','112_041'
'111_054','112_101'
'111_055','112_056'
'111_056','112_051'
'111_057','112_047'
'111_100','112_100'
'112_001','113_003'
'112_002','113_010'
'112_003','113_006'
'112_004','113_009'
'112_005','113_013'
'112_006','113_005'
'112_007','113_021'
'112_008','113_015'
'112_009','113_020'
'112_010','113_002'
'112_011','113_012'
'112_012','113_008'
'112_013','113_027'
'112_014','113_105'
'112_015','113_004'
'112_016','113_033'
'112_017','113_028'
'112_018','113_029'
'112_019','113_007'
'112_020','113_022'
'112_021','113_018'
'112_022','113_011'
'112_023','113_025'
'112_024','113_031'
'112_025','113_019'
'112_026','113_023'
'112_027','113_024'
'112_028','113_016'
'112_029','113_035'
'112_030','113_036'
'112_031','113_030'
'112_032','113_026'
'112_033','113_034'
'112_034','113_051'
'112_035','113_104'
'112_036','113_041'
'112_037','113_017'
'112_038','113_040'
'112_039','113_046'
'112_040','113_101'
'112_041','113_042'
'112_042','113_037'
'112_043','113_103'
'112_044','113_044'
'112_045','113_047'
'112_046','113_038'
'112_047','113_049'
'112_048','113_052'
'112_049','113_050'
'112_050','113_102'
'112_051','113_039'
'112_052','113_053'
'112_053','113_043'
'112_054','113_032'
'112_055','113_045'
'112_056','113_014'
'112_100','113_001'
'112_101','113_054'
'113_001','114_006'
'113_002','114_024'
'113_003','114_001'
'113_004','114_011'
'113_005','114_005'
'113_006','114_013'
'113_007','114_019'
'113_008','114_007'
'113_009','114_017'
'113_010','114_003'
'113_011','114_018'
'113_012','114_009'
'113_013','114_028'
'113_014','114_109'
'113_015','114_010'
'113_016','114_021'
'113_017','114_034'
'113_018','114_015'
'113_019','114_026'
'113_020','114_008'
'113_021','114_029'
'113_022','114_002'
'113_023','114_020'
'113_024','114_023'
'113_025','114_031'
'113_026','114_012'
'113_027','114_004'
'113_028','114_016'
'113_029','114_025'
'113_030','114_033'
'113_031','114_027'
'113_032','114_014'
'113_033','114_047'
'113_034','114_038'
'113_035','114_030'
'113_036','114_032'
'113_037','114_035'
'113_038','114_110'
'113_039','114_040'
'113_040','114_037'
'113_040','114_050'
'113_041','114_039'
'113_042','114_041'
'113_043','114_104'
'113_044','114_022'
'113_045','114_049'
'113_045','114_105'
'113_046','114_036'
'113_047','114_042'
'113_049','114_044'
'113_050','114_107'
'113_051','114_048'
'113_052','114_103'
'113_053','114_106'
'113_054','114_051'
'113_101','114_043'
'113_102','114_108'
'113_103','114_045'
'113_104','114_046'
'113_105','114_200'
'114_001','115_015'
'114_002','115_020'
'114_003','115_023'
'114_004','115_112'
'114_005','115_019'
'114_006','115_038'
'114_007','115_004'
'114_008','115_025'
'114_009','115_006'
'114_010','115_003'
'114_011','115_037'
'114_012','115_030'
'114_013','115_026'
'114_014','115_043'
'114_015','115_024'
'114_016','115_016'
'114_017','115_027'
'114_018','115_033'
'114_019','115_001'
'114_020','115_010'
'114_021','115_017'
'114_022','115_036'
'114_023','115_014'
'114_024','115_018'
'114_025','115_021'
'114_026','115_031'
'114_027','115_011'
'114_028','115_005'
'114_029','115_117'
'114_030','115_039'
'114_031','115_029'
'114_032','115_110'
'114_033','115_044'
'114_034','115_012'
'114_035','115_046'
'114_036','115_119'
'114_037','115_022'
'114_038','115_035'
'114_039','115_042'
'114_040','115_040'
'114_041','115_007'
'114_042','115_118'
'114_043','115_034'
'114_044','115_048'
'114_045','115_114'
'114_046','115_041'
'114_047','115_028'
'114_048','115_116'
'114_049','115_032'
'114_050','115_113'
'114_051','115_002'
'114_103','115_013'
'114_104','115_111'
'114_105','115_047'
'114_106','115_009'
'114_107','115_045'
'114_108','115_050'
'114_109','115_049'
'114_110','115_115'
'114_200','115_008'
'115_001','116_001'
'115_002','116_042'
'115_003','116_010'
'115_004','116_023'
'115_005','116_002'
'115_006','116_004'
'115_007','116_038'
'115_008','116_125'
'115_009','116_118'
'115_010','116_033'
'115_011','116_035'
'115_012','116_047'
'115_013','116_041'
'115_014','116_020'
'115_015','116_018'
'115_016','116_003'
'115_017','116_014'
'115_018','116_034'
'115_019','116_028'
'115_020','116_011'
'115_021','116_039'
'115_022','116_044'
'115_023','116_016'
'115_024','116_030'
'115_025','116_008'
'115_026','116_043'
'115_027','116_116'
'115_028','116_007'
'115_029','116_117'
'115_030','116_123'
'115_031','116_024'
'115_032','116_050'
'115_033','116_013'
'115_034','116_119'
'115_035','116_026'
'115_036','116_049'
'115_037','116_009'
'115_038','116_021'
'115_039','116_025'
'115_040','116_046'
'115_041','116_031'
'115_042','116_017'
'115_043','116_124'
'115_044','116_015'
'115_045','116_012'
'115_046','116_027'
'115_047','116_040'
'115_048','116_122'
'115_049','116_120'
'115_050','116_029'
'115_110','116_019'
'115_111','116_022'
'115_112','116_048'
'115_113','116_121'
'115_114','116_032'
'115_115','116_045'
'115_116','116_005'
'115_117','116_006'
'115_118','116_037'
'115_119','116_036'
'116_001','117_136'
'116_002','117_024'
'116_003','117_016'
'116_004','117_015'
'116_005','117_035'
'116_006','117_020'
'116_007','117_108'
'116_008','117_009'
'116_009','117_007'
'116_010','117_006'
'116_011','117_003'
'116_012','117_039'
'116_013','117_012'
'116_014','117_023'
'116_015','117_103'
'116_016','117_010'
'116_017','117_030'
'116_018','117_031'
'116_019','117_040'
'116_020','117_014'
'116_021','117_011'
'116_022','117_021'
'116_023','117_013'
'116_024','117_017'
'116_025','117_036'
'116_026','117_107'
'116_027','117_019'
'116_028','117_002'
'116_029','117_048'
'116_030','117_043'
'116_031','117_100'
'116_032','117_026'
'116_033','117_025'
'116_034','117_001'
'116_035','117_018'
'116_036','117_022'
'116_037','117_047'
'116_038','117_038'
'116_039','117_034'
'116_040','117_029'
'116_041','117_027'
'116_042','117_028'
'116_043','117_005'
'116_044','117_044'
'116_045','117_046'
'116_046','117_041'
'116_047','117_045'
'116_048','117_049'
'116_049','117_101'
'116_050','117_033'
'116_116','117_004'
'116_117','117_106'
'116_118','117_037'
'116_119','117_105'
'116_120','117_042'
'116_121','117_104'
'116_122','117_032'
'116_123','117_008'
'116_124','117_102'
'116_125','117_135'
'117_001','118_010'
'117_002','118_005'
'117_003','118_003'
'117_004','118_022'
'117_005','118_006'
'117_006','118_001'
'117_007','118_008'
'117_008','118_029'
'117_009','118_018'
'117_010','118_004'
'117_011','118_011'
'117_012','118_024'
'117_013','118_009'
'117_014','118_021'
'117_015','118_023'
'117_016','118_014'
'117_017','118_012'
'117_018','118_035'
'117_019','118_019'
'117_020','118_016'
'117_021','118_027'
'117_022','118_050'
'117_023','118_033'
'117_024','118_007'
'117_025','118_031'
'117_026','118_030'
'117_027','118_028'
'117_028','118_037'
'117_029','118_017'
'117_030','118_026'
'117_031','118_002'
'117_031','118_032'
'117_032','118_044'
'117_033','118_106'
'117_034','118_048'
'117_035','118_013'
'117_036','118_043'
'117_037','118_039'
'117_038','118_100'
'117_039','118_101'
'117_040','118_025'
'117_041','118_049'
'117_042','118_015'
'117_043','118_038'
'117_044','118_102'
'117_045','118_045'
'117_046','118_034'
'117_047','118_042'
'117_048','118_105'
'117_049','118_108'
'117_100','118_107'
'117_101','118_046'
'117_102','118_109'
'117_103','118_040'
'117_104','118_047'
'117_105','118_041'
'117_106','118_104'
'117_107','118_103'
'117_108','118_036'
'117_135','118_020'
'117_136','118_200'
'118_001','119_003'
'118_002','119_006'
'118_003','119_014'
'118_004','119_005'
'118_005','119_012'
'118_006','119_018'
'118_007','119_016'
'118_008','119_007'
'118_009','119_004'
'118_010','119_199'
'118_011','119_001'
'118_012','119_041'
'118_013','119_112'
'118_014','119_026'
'118_015','119_111'
'118_016','119_037'
'118_017','119_117'
'118_018','119_011'
'118_019','119_035'
'118_020','119_120'
'118_021','119_027'
'118_022','119_008'
'118_023','119_009'
'118_024','119_022'
'118_025','119_036'
'118_026','119_038'
'118_027','119_116'
'118_028','119_043'
'118_029','119_017'
'118_030','119_032'
'118_031','119_025'
'118_032','119_024'
'118_033','119_034'
'118_034','119_042'
'118_035','119_010'
'118_036','119_039'
'118_037','119_118'
'118_038','119_019'
'118_039','119_115'
'118_040','119_028'
'118_041','119_113'
'118_042','119_031'
'118_043','119_044'
'118_044','119_110'
'118_045','119_047'
'118_046','119_015'
'118_047','119_049'
'118_048','119_013'
'118_049','119_046'
'118_050','119_121'
'118_100','119_020'
'118_101','119_114'
'118_102','119_033'
'118_103','119_045'
'118_104','119_023'
'118_105','119_030'
'118_106','119_029'
'118_107','119_040'
'118_108','119_002'
'118_109','119_048'
'118_200','119_021'
'119_001','120_001'
'119_002','120_128'
'119_003','120_004'
'119_004','120_026'
'119_005','120_009'
'119_006','120_002'
'119_007','120_005'
'119_008','120_025'
'119_009','120_008'
'119_010','120_011'
'119_011','120_010'
'119_012','120_006'
'119_013','120_037'
'119_014','120_023'
'119_015','120_126'
'119_016','120_035'
'119_017','120_017'
'119_018','120_022'
'119_019','120_012'
'119_020','120_131'
'119_021','120_007'
'119_022','120_021'
'119_023','120_132'
'119_024','120_019'
'119_025','120_020'
'119_026','120_018'
'119_027','120_030'
'119_028','120_130'
'119_029','120_129'
'119_030','120_043'
'119_031','120_125'
'119_032','120_042'
'119_033','120_123'
'119_034','120_033'
'119_035','120_048'
'119_036','120_034'
'119_037','120_013'
'119_038','120_031'
'119_039','120_014'
'119_040','120_122'
'119_041','120_027'
'119_042','120_044'
'119_043','120_127'
'119_044','120_124'
'119_045','120_015'
'119_046','120_045'
'119_047','120_003'
'119_048','120_040'
'119_049','120_047'
'119_110','120_016'
'119_111','120_041'
'119_112','120_028'
'119_113','120_038'
'119_114','120_039'
'119_115','120_029'
'119_116','120_046'
'119_117','120_024'
'119_118','120_036'
'119_120','120_199'
'119_121','120_135'
'119_199','120_032'
'120_001','121_150'
'120_002','121_002'
'120_003','121_005'
'120_004','121_004'
'120_005','121_006'
'120_006','121_011'
'120_007','121_029'
'120_008','121_010'
'120_009','121_014'
'120_010','121_003'
'120_011','121_022'
'120_012','121_028'
'120_013','121_017'
'120_014','121_013'
'120_015','121_138'
'120_016','121_023'
'120_017','121_015'
'120_018','121_016'
'120_019','121_009'
'120_020','121_020'
'120_021','121_007'
'120_022','121_012'
'120_023','121_018'
'120_024','121_019'
'120_025','121_031'
'120_026','121_039'
'120_027','121_025'
'120_028','121_036'
'120_029','121_038'
'120_030','121_032'
'120_031','121_008'
'120_032','121_040'
'120_033','121_033'
'120_034','121_034'
'120_035','121_021'
'120_036','121_043'
'120_037','121_047'
'120_038','121_037'
'120_039','121_041'
'120_040','121_024'
'120_041','121_035'
'120_042','121_026'
'120_043','121_027'
'120_044','121_136'
'120_045','121_042'
'120_046','121_046'
'120_047','121_030'
'120_048','121_045'
'120_122','121_137'
'120_123','121_140'
'120_124','121_048'
'120_125','121_044'
'120_126','121_139'
'120_127','121_141'
'120_128','121_142'
'120_129','121_143'
'120_130','121_147'
'120_131','121_144'
'120_132','121_145'
'120_135','121_146'
'120_199','121_001'
'121_001','122_016'
'121_002','122_001'
'121_003','122_015'
'121_004','122_006'
'121_005','122_019'
'121_006','122_008'
'121_007','122_004'
'121_008','122_007'
'121_009','122_010'
'121_010','122_005'
'121_011','122_012'
'121_012','122_018'
'121_013','122_037'
'121_014','122_017'
'121_015','122_032'
'121_016','122_027'
'121_017','122_030'
'121_018','122_011'
'121_019','122_029'
'121_020','122_024'
'121_021','122_013'
'121_022','122_031'
'121_023','122_038'
'121_024','122_035'
'121_025','122_039'
'121_026','122_028'
'121_027','122_155'
'121_028','122_022'
'121_029','122_003'
'121_030','122_046'
'121_031','122_041'
'121_032','122_025'
'121_033','122_009'
'121_034','122_036'
'121_035','122_153'
'121_036','122_048'
'121_037','122_047'
'121_038','122_049'
'121_039','122_023'
'121_040','122_042'
'121_041','122_014'
'121_042','122_020'
'121_043','122_021'
'121_044','122_051'
'121_045','122_043'
'121_046','122_159'
'121_047','122_033'
'121_048','122_151'
'121_136','122_150'
'121_137','122_152'
'121_138','122_045'
'121_139','122_034'
'121_140','122_040'
'121_141','122_044'
'121_142','122_157'
'121_143','122_158'
'121_144','122_154'
'121_145','122_156'
'121_146','122_026'
'121_147','122_050'
'121_150','122_002'
'122_001','123_013'
'122_002','123_005'
'122_003','123_004'
'122_004','123_033'
'122_005','123_008'
'122_006','123_007'
'122_007','123_038'
'122_008','123_011'
'122_009','123_003'
'122_010','123_019'
'122_011','123_036'
'122_012','123_002'
'122_013','123_009'
'122_014','123_037'
'122_015','123_014'
'122_016','123_023'
'122_017','123_012'
'122_018','123_025'
'122_019','123_165'
'122_020','123_028'
'122_021','123_044'
'122_022','123_021'
'122_023','123_041'
'122_024','123_032'
'122_025','123_010'
'122_026','123_042'
'122_027','123_022'
'122_028','123_006'
'122_029','123_034'
'122_030','123_043'
'122_031','123_018'
'122_032','123_048'
'122_033','123_001'
'122_034','123_162'
'122_035','123_168'
'122_036','123_040'
'122_037','123_016'
'122_038','123_039'
'122_039','123_200'
'122_040','123_049'
'122_041','123_047'
'122_042','123_171'
'122_043','123_020'
'122_044','123_035'
'122_045','123_024'
'122_046','123_161'
'122_047','123_169'
'122_048','123_015'
'122_049','123_030'
'122_050','123_045'
'122_051','123_164'
'122_150','123_026'
'122_151','123_031'
'122_152','123_163'
'122_153','123_166'
'122_154','123_167'
'122_155','123_029'
'122_156','123_046'
'122_157','123_170'
'122_158','123_027'
'122_159','123_017'
'123_001','124_182'
'123_002','124_025'
'123_003','124_037'
'123_004','124_012'
'123_005','124_007'
'123_006','124_172'
'123_007','124_008'
'123_008','124_004'
'123_009','124_021'
'123_010','124_041'
'123_011','124_003'
'123_012','124_029'
'123_013','124_005'
'123_014','124_011'
'123_015','124_009'
'123_016','124_010'
'123_017','124_038'
'123_018','124_013'
'123_019','124_024'
'123_020','124_174'
'123_021','124_019'
'123_022','124_001'
'123_023','124_014'
'123_024','124_044'
'123_025','124_020'
'123_026','124_034'
'123_027','124_181'
'123_028','124_043'
'123_029','124_179'
'123_030','124_176'
'123_031','124_026'
'123_032','124_017'
'123_033','124_006'
'123_034','124_030'
'123_035','124_045'
'123_036','124_201'
'123_037','124_175'
'123_038','124_022'
'123_039','124_016'
'123_040','124_031'
'123_041','124_202'
'123_042','124_047'
'123_043','124_002'
'123_044','124_032'
'123_045','124_035'
'123_046','124_036'
'123_047','124_046'
'123_048','124_177'
'123_049','124_040'
'123_161','124_018'
'123_162','124_015'
'123_163','124_173'
'123_164','124_027'
'123_165','124_028'
'123_166','124_042'
'123_167','124_178'
'123_168','124_039'
'123_169','124_023'
'123_170','124_180'
'123_171','124_033'
'123_200','124_048'
'124_001','125_018'
'124_002','125_028'
'124_003','125_010'
'124_004','125_021'
'124_005','125_015'
'124_006','125_023'
'124_007','125_006'
'124_008','125_027'
'124_009','125_039'
'124_010','125_022'
'124_011','125_014'
'124_012','125_008'
'124_013','125_020'
'124_014','125_017'
'124_015','125_004'
'124_016','125_185'
'124_017','125_019'
'124_018','125_043'
'124_019','125_041'
'124_020','125_035'
'124_021','125_007'
'124_022','125_031'
'124_023','125_190'
'124_024','125_036'
'124_025','125_009'
'124_026','125_029'
'124_027','125_044'
'124_028','125_012'
'124_029','125_199'
'124_030','125_194'
'124_031','125_034'
'124_032','125_032'
'124_033','125_188'
'124_034','125_187'
'124_035','125_196'
'124_036','125_191'
'124_037','125_005'
'124_038','125_195'
'124_039','125_033'
'124_040','125_042'
'124_041','125_003'
'124_042','125_197'
'124_043','125_192'
'124_044','125_184'
'124_045','125_186'
'124_046','125_198'
'124_047','125_025'
'124_048','125_013'
'124_172','125_026'
'124_173','125_040'
'124_174','125_002'
'124_175','125_038'
'124_176','125_183'
'124_177','125_189'
'124_178','125_037'
'124_179','125_193'
'124_180','125_016'
'124_181','125_030'
'124_182','125_001'
'124_201','125_024'
'124_202','125_011'
'125_001','126_106'
'125_002','126_102'
'125_003','126_044'
'125_004','126_001'
'125_005','126_117'
'125_006','126_014'
'125_007','126_025'
'125_008','126_013'
'125_009','126_007'
'125_010','126_005'
'125_011','126_009'
'125_012','126_035'
'125_013','126_003'
'125_014','126_016'
'125_015','126_002'
'125_016','126_039'
'125_017','126_027'
'125_018','126_006'
'125_019','126_024'
'125_020','126_022'
'125_021','126_004'
'125_022','126_115'
'125_023','126_026'
'125_024','126_017'
'125_025','126_114'
'125_026','126_031'
'125_027','126_012'
'125_028','126_041'
'125_029','126_101'
'125_030','126_110'
'125_031','126_118'
'125_032','126_042'
'125_033','126_108'
'125_034','126_103'
'125_035','126_021'
'125_036','126_019'
'125_037','126_018'
'125_038','126_100'
'125_039','126_038'
'125_040','126_015'
'125_041','126_111'
'125_042','126_034'
'125_043','126_020'
'125_044','126_011'
'125_183','126_040'
'125_184','126_036'
'125_185','126_104'
'125_186','126_105'
'125_187','126_028'
'125_188','126_112'
'125_189','126_029'
'125_190','126_037'
'125_191','126_008'
'125_192','126_023'
'125_193','126_107'
'125_194','126_032'
'125_195','126_045'
'125_196','126_030'
'125_197','126_109'
'125_198','126_043'
'125_199','126_033'
'126_001','127_008'
'126_002','127_012'
'126_003','127_040'
'126_004','127_004'
'126_005','127_017'
'126_006','127_002'
'126_007','127_009'
'126_008','127_011'
'126_009','127_018'
'126_011','127_025'
'126_012','127_003'
'126_013','127_023'
'126_014','127_130'
'126_015','127_119'
'126_016','127_007'
'126_017','127_010'
'126_018','127_046'
'126_019','127_033'
'126_020','127_041'
'126_021','127_029'
'126_022','127_021'
'126_023','127_001'
'126_024','127_015'
'126_025','127_005'
'126_026','127_006'
'126_027','127_032'
'126_028','127_034'
'126_029','127_049'
'126_030','127_016'
'126_031','127_120'
'126_032','127_031'
'126_033','127_022'
'126_034','127_121'
'126_035','127_036'
'126_036','127_019'
'126_037','127_044'
'126_038','127_028'
'126_039','127_042'
'126_040','127_123'
'126_041','127_030'
'126_042','127_127'
'126_043','127_050'
'126_044','127_014'
'126_045','127_045'
'126_100','127_038'
'126_101','127_013'
'126_102','127_027'
'126_103','127_035'
'126_104','127_047'
'126_105','127_124'
'126_106','127_128'
'126_107','127_126'
'126_108','127_043'
'126_109','127_039'
'126_110','127_125'
'126_111','127_037'
'126_112','127_122'
'126_114','127_026'
'126_115','127_048'
'126_117','127_024'
'126_118','127_020'
'127_001','128_014'
'127_002','128_004'
'127_003','128_010'
'127_004','128_001'
'127_005','128_002'
'127_006','128_007'
'127_007','128_003'
'127_008','128_017'
'127_009','128_011'
'127_010','128_006'
'127_011','128_035'
'127_012','128_009'
'127_013','128_008'
'127_014','128_028'
'127_015','128_019'
'127_016','128_022'
'127_017','128_016'
'127_018','128_023'
'127_019','128_032'
'127_020','128_015'
'127_021','128_026'
'127_022','128_012'
'127_023','128_005'
'127_024','128_137'
'127_025','128_029'
'127_026','128_047'
'127_027','128_046'
'127_028','128_018'
'127_029','128_036'
'127_030','128_038'
'127_031','128_034'
'127_032','128_040'
'127_033','128_030'
'127_034','128_031'
'127_035','128_021'
'127_036','128_027'
'127_037','128_013'
'127_038','128_033'
'127_039','128_025'
'127_040','128_020'
'127_041','128_041'
'127_042','128_045'
'127_043','128_037'
'127_044','128_138'
'127_045','128_048'
'127_046','128_141'
'127_047','128_024'
'127_048','128_042'
'127_049','128_134'
'127_050','128_133'
'127_119','128_131'
'127_120','128_043'
'127_121','128_132'
'127_122','128_039'
'127_123','128_044'
'127_124','128_136'
'127_125','128_049'
'127_126','128_139'
'127_127','128_135'
'127_128','128_140'
'127_130','128_142'
'128_001','129_013'
'128_002','129_017'
'128_003','129_011'
'128_004','129_010'
'128_005','129_012'
'128_006','129_018'
'128_007','129_019'
'128_008','129_027'
'128_009','129_006'
'128_010','129_004'
'128_011','129_002'
'128_012','129_049'
'128_013','129_015'
'128_014','129_029'
'128_015','129_033'
'128_016','129_009'
'128_017','129_144'
'128_018','129_001'
'128_019','129_023'
'128_020','129_022'
'128_021','129_021'
'128_022','129_043'
'128_023','129_005'
'128_024','129_028'
'128_025','129_024'
'128_026','129_020'
'128_027','129_014'
'128_028','129_016'
'128_029','129_048'
'128_030','129_007'
'128_031','129_026'
'128_032','129_045'
'128_033','129_032'
'128_034','129_025'
'128_035','129_039'
'128_036','129_034'
'128_037','129_036'
'128_038','129_003'
'128_039','129_041'
'128_040','129_008'
'128_041','129_042'
'128_042','129_040'
'128_043','129_050'
'128_044','129_031'
'128_045','129_147'
'128_046','129_035'
'128_047','129_030'
'128_048','129_037'
'128_049','129_148'
'128_131','129_145'
'128_132','129_143'
'128_133','129_051'
'128_134','129_047'
'128_135','129_046'
'128_136','129_146'
'128_137','129_038'
'128_138','129_044'
'128_139','129_149'
'128_140','129_151'
'128_141','129_150'
'128_142','129_153'
'129_001','130_003'
'129_002','130_014'
'129_003','130_002'
'129_004','130_007'
'129_005','130_015'
'129_006','130_004'
'129_007','130_001'
'129_008','130_009'
'129_009','130_006'
'129_010','130_161'
'129_011','130_010'
'129_012','130_005'
'129_013','130_008'
'129_014','130_011'
'129_015','130_019'
'129_016','130_018'
'129_017','130_016'
'129_018','130_021'
'129_019','130_013'
'129_020','130_026'
'129_021','130_032'
'129_022','130_020'
'129_023','130_023'
'129_024','130_024'
'129_025','130_029'
'129_026','130_034'
'129_027','130_025'
'129_028','130_012'
'129_029','130_157'
'129_030','130_160'
'129_031','130_159'
'129_032','130_158'
'129_033','130_042'
'129_034','130_035'
'129_035','130_043'
'129_036','130_033'
'129_037','130_036'
'129_038','130_164'
'129_039','130_030'
'129_040','130_017'
'129_041','130_027'
'129_042','130_031'
'129_043','130_038'
'129_044','130_028'
'129_045','130_039'
'129_046','130_162'
'129_047','130_037'
'129_048','130_040'
'129_049','130_022'
'129_050','130_156'
'129_051','130_041'
'129_143','130_044'
'129_144','130_155'
'129_145','130_154'
'129_146','130_163'
'129_147','130_165'
'129_148','130_167'
'129_149','130_166'
'129_150','130_169'
'129_151','130_168'
'129_153','130_171'
